student_id,week,avg_session_time,videos_completed,assignments_submitted,forum_posts,gpa_trend,created_at
1,1,50.6,2,1,1,2.52,2026-03-14T17:41:32.307679Z
1,2,48.5,5,3,2,2.56,2026-03-23T17:41:32.307679Z
1,3,40.9,6,3,3,2.49,2026-03-29T17:41:32.307679Z
1,4,47.4,5,3,0,2.48,2026-04-03T17:41:32.307679Z
1,5,31.5,2,3,1,2.34,2026-04-12T17:41:32.307679Z
1,6,38.2,5,3,1,2.46,2026-04-21T17:41:32.307679Z
1,7,27.0,3,3,1,2.29,2026-04-27T17:41:32.307679Z
1,8,36.2,7,1,2,2.34,2026-05-05T17:41:32.307679Z
2,1,63.4,5,4,4,2.66,2026-03-17T17:41:32.307679Z
2,2,59.8,3,3,1,2.61,2026-03-25T17:41:32.307679Z
2,3,50.4,1,2,0,2.61,2026-03-31T17:41:32.307679Z
2,4,52.7,3,1,2,2.59,2026-04-08T17:41:32.307679Z
2,5,41.6,3,2,1,2.44,2026-04-12T17:41:32.307679Z
2,6,31.0,4,4,1,2.43,2026-04-20T17:41:32.307679Z
2,7,29.4,2,3,3,2.47,2026-04-27T17:41:32.307679Z
2,8,28.0,2,3,0,2.33,2026-05-05T17:41:32.307679Z
3,1,46.0,6,2,2,3.26,2026-03-13T17:41:32.307679Z
3,2,41.6,3,1,1,3.28,2026-03-22T17:41:32.307679Z
3,3,40.7,3,2,3,3.2,2026-03-26T17:41:32.307679Z
3,4,46.8,4,3,2,3.19,2026-04-03T17:41:32.307679Z
3,5,30.5,6,4,1,3.05,2026-04-14T17:41:32.307679Z
3,6,44.5,3,1,0,3.03,2026-04-21T17:41:32.307679Z
3,7,32.5,4,4,2,3.03,2026-04-24T17:41:32.307679Z
3,8,38.3,2,1,2,3.07,2026-05-03T17:41:32.307679Z
4,1,40.7,5,0,2,3.16,2026-03-13T17:41:32.307679Z
4,2,38.5,5,4,2,3.03,2026-03-24T17:41:32.307679Z
4,3,38.8,3,3,1,2.92,2026-03-31T17:41:32.307679Z
4,4,29.0,5,2,1,2.86,2026-04-02T17:41:32.307679Z
4,5,34.1,3,3,0,2.9,2026-04-12T17:41:32.307679Z
4,6,39.5,5,2,0,2.93,2026-04-20T17:41:32.307679Z
4,7,35.6,4,5,0,2.87,2026-04-26T17:41:32.307679Z
4,8,41.1,0,4,1,2.73,2026-05-05T17:41:32.307679Z
5,1,36.3,1,1,2,3.51,2026-03-14T17:41:32.307679Z
5,2,38.2,5,2,0,3.53,2026-03-19T17:41:32.307679Z
5,3,30.5,0,1,0,3.52,2026-03-29T17:41:32.307679Z
5,4,34.7,3,5,3,3.47,2026-04-04T17:41:32.307679Z
5,5,14.0,3,5,3,3.29,2026-04-15T17:41:32.307679Z
5,6,35.7,5,1,1,3.36,2026-04-21T17:41:32.307679Z
5,7,25.4,3,0,2,3.27,2026-04-27T17:41:32.307679Z
5,8,15.3,0,2,1,3.17,2026-05-06T17:41:32.307679Z
6,1,36.9,5,1,2,3.88,2026-03-17T17:41:32.307679Z
6,2,32.9,5,2,0,3.85,2026-03-24T17:41:32.307679Z
6,3,32.3,2,1,1,3.81,2026-04-01T17:41:32.307679Z
6,4,39.1,4,2,4,3.67,2026-04-05T17:41:32.307679Z
6,5,27.7,4,0,1,3.68,2026-04-11T17:41:32.307679Z
6,6,18.0,1,0,3,3.67,2026-04-19T17:41:32.307679Z
6,7,34.2,1,4,0,3.52,2026-04-28T17:41:32.307679Z
6,8,4.0,1,0,0,3.4,2026-05-06T17:41:32.307679Z
7,1,25.6,9,2,2,3.26,2026-03-14T17:41:32.307679Z
7,2,24.4,3,4,2,3.16,2026-03-19T17:41:32.307679Z
7,3,19.6,3,1,1,2.98,2026-03-29T17:41:32.307679Z
7,4,25.9,1,1,1,2.94,2026-04-04T17:41:32.307679Z
7,5,11.6,2,3,2,3.03,2026-04-09T17:41:32.307679Z
7,6,21.9,4,2,2,3.0,2026-04-22T17:41:32.307679Z
7,7,26.5,4,4,3,2.87,2026-04-28T17:41:32.307679Z
7,8,19.9,3,4,1,2.82,2026-05-01T17:41:32.307679Z
8,1,24.4,1,5,1,2.61,2026-03-12T17:41:32.307679Z
8,2,23.0,5,2,1,2.69,2026-03-19T17:41:32.307679Z
8,3,14.9,3,4,0,2.51,2026-03-26T17:41:32.307679Z
8,4,12.3,3,3,2,2.45,2026-04-07T17:41:32.307679Z
8,5,9.5,9,2,2,2.52,2026-04-13T17:41:32.307679Z
8,6,11.3,3,3,2,2.5,2026-04-16T17:41:32.307679Z
8,7,18.5,3,3,3,2.35,2026-04-28T17:41:32.307679Z
8,8,1.0,4,1,2,2.33,2026-05-04T17:41:32.307679Z
9,1,44.8,6,5,1,2.94,2026-03-18T17:41:32.307679Z
9,2,42.2,4,2,2,2.96,2026-03-20T17:41:32.307679Z
9,3,39.8,2,3,1,2.86,2026-03-31T17:41:32.307679Z
9,4,36.6,3,3,2,2.77,2026-04-04T17:41:32.307679Z
9,5,34.9,3,2,3,2.67,2026-04-09T17:41:32.307679Z
9,6,16.8,5,3,1,2.58,2026-04-21T17:41:32.307679Z
9,7,10.8,0,3,3,2.55,2026-04-24T17:41:32.307679Z
9,8,30.0,4,0,1,2.51,2026-05-04T17:41:32.307679Z
10,1,15.6,2,5,3,3.7,2026-03-18T17:41:32.307679Z
10,2,17.0,9,1,2,3.72,2026-03-24T17:41:32.307679Z
10,3,19.5,3,2,1,3.63,2026-03-30T17:41:32.307679Z
10,4,7.0,3,4,2,3.59,2026-04-08T17:41:32.307679Z
10,5,8.5,1,3,1,3.64,2026-04-10T17:41:32.307679Z
10,6,7.1,6,0,2,3.48,2026-04-20T17:41:32.307679Z
10,7,1.0,5,3,2,3.56,2026-04-23T17:41:32.307679Z
10,8,1.0,4,1,0,3.48,2026-04-30T17:41:32.307679Z
11,1,32.8,6,2,1,3.92,2026-03-18T17:41:32.307679Z
11,2,27.1,5,0,3,3.84,2026-03-19T17:41:32.307679Z
11,3,23.5,2,4,3,3.8,2026-03-28T17:41:32.307679Z
11,4,21.7,5,3,0,3.87,2026-04-04T17:41:32.307679Z
11,5,14.7,4,2,2,3.7,2026-04-12T17:41:32.307679Z
11,6,13.3,2,0,1,3.67,2026-04-18T17:41:32.307679Z
11,7,15.1,6,4,1,3.7,2026-04-24T17:41:32.307679Z
11,8,1.0,5,3,2,3.6,2026-05-04T17:41:32.307679Z
12,1,18.7,8,2,0,2.87,2026-03-12T17:41:32.307679Z
12,2,13.5,3,5,2,2.99,2026-03-20T17:41:32.307679Z
12,3,18.6,2,0,3,2.93,2026-03-26T17:41:32.307679Z
12,4,17.2,5,4,1,2.72,2026-04-08T17:41:32.307679Z
12,5,1.0,5,3,2,2.81,2026-04-12T17:41:32.307679Z
12,6,5.9,5,1,2,2.78,2026-04-18T17:41:32.307679Z
12,7,15.7,5,3,2,2.63,2026-04-27T17:41:32.307679Z
12,8,1.0,4,1,2,2.63,2026-05-06T17:41:32.307679Z
13,1,44.0,8,2,1,3.44,2026-03-16T17:41:32.307679Z
13,2,36.9,6,3,2,3.34,2026-03-25T17:41:32.307679Z
13,3,27.3,6,2,2,3.44,2026-03-26T17:41:32.307679Z
13,4,34.0,0,0,1,3.34,2026-04-08T17:41:32.307679Z
13,5,14.3,5,0,0,3.32,2026-04-10T17:41:32.307679Z
13,6,32.1,6,2,1,3.21,2026-04-21T17:41:32.307679Z
13,7,20.3,0,2,3,3.22,2026-04-26T17:41:32.307679Z
13,8,15.0,8,3,2,3.12,2026-04-30T17:41:32.307679Z
14,1,38.1,7,4,3,2.47,2026-03-12T17:41:32.307679Z
14,2,42.2,2,3,2,2.46,2026-03-21T17:41:32.307679Z
14,3,28.3,6,2,2,2.33,2026-03-27T17:41:32.307679Z
14,4,27.2,5,1,1,2.31,2026-04-07T17:41:32.307679Z
14,5,19.7,6,1,2,2.24,2026-04-11T17:41:32.307679Z
14,6,17.0,6,3,2,2.29,2026-04-20T17:41:32.307679Z
14,7,31.9,3,2,0,2.29,2026-04-24T17:41:32.307679Z
14,8,10.2,0,1,2,2.07,2026-05-02T17:41:32.307679Z
15,1,55.2,4,0,2,2.7,2026-03-13T17:41:32.307679Z
15,2,53.6,3,3,0,2.61,2026-03-22T17:41:32.307679Z
15,3,55.2,6,1,1,2.57,2026-03-29T17:41:32.307679Z
15,4,45.9,5,3,1,2.59,2026-04-08T17:41:32.307679Z
15,5,36.9,1,6,2,2.53,2026-04-14T17:41:32.307679Z
15,6,61.5,4,4,1,2.6,2026-04-19T17:41:32.307679Z
15,7,33.2,1,1,1,2.42,2026-04-24T17:41:32.307679Z
15,8,42.6,3,4,1,2.43,2026-05-02T17:41:32.307679Z
16,1,32.9,6,4,1,2.61,2026-03-16T17:41:32.307679Z
16,2,22.6,5,3,3,2.62,2026-03-22T17:41:32.307679Z
16,3,17.5,2,4,1,2.48,2026-03-27T17:41:32.307679Z
16,4,21.6,3,3,2,2.41,2026-04-04T17:41:32.307679Z
16,5,21.8,6,3,1,2.34,2026-04-13T17:41:32.307679Z
16,6,19.6,2,3,2,2.3,2026-04-20T17:41:32.307679Z
16,7,14.8,4,1,2,2.19,2026-04-29T17:41:32.307679Z
16,8,1.0,1,5,0,2.26,2026-05-04T17:41:32.307679Z
17,1,30.4,5,3,2,3.84,2026-03-17T17:41:32.307679Z
17,2,28.3,5,1,0,3.83,2026-03-24T17:41:32.307679Z
17,3,10.6,2,3,1,3.82,2026-04-01T17:41:32.307679Z
17,4,27.7,5,0,1,3.7,2026-04-03T17:41:32.307679Z
17,5,23.2,4,0,3,3.64,2026-04-11T17:41:32.307679Z
17,6,3.7,2,3,1,3.7,2026-04-20T17:41:32.307679Z
17,7,1.0,3,3,0,3.53,2026-04-25T17:41:32.307679Z
17,8,1.0,0,1,2,3.55,2026-05-02T17:41:32.307679Z
18,1,52.6,4,2,2,3.05,2026-03-15T17:41:32.307679Z
18,2,46.3,3,2,0,2.82,2026-03-22T17:41:32.307679Z
18,3,53.4,4,0,3,2.86,2026-03-27T17:41:32.307679Z
18,4,53.6,1,0,2,2.81,2026-04-06T17:41:32.307679Z
18,5,48.9,5,0,2,2.84,2026-04-14T17:41:32.307679Z
18,6,45.4,5,1,2,2.79,2026-04-21T17:41:32.307679Z
18,7,50.3,2,2,2,2.62,2026-04-24T17:41:32.307679Z
18,8,15.1,0,3,1,2.51,2026-04-30T17:41:32.307679Z
19,1,30.1,3,1,1,3.26,2026-03-18T17:41:32.307679Z
19,2,22.5,6,2,2,3.24,2026-03-25T17:41:32.307679Z
19,3,23.9,4,1,3,3.24,2026-03-29T17:41:32.307679Z
19,4,10.8,3,3,2,3.21,2026-04-06T17:41:32.307679Z
19,5,13.0,0,2,2,3.19,2026-04-13T17:41:32.307679Z
19,6,19.9,1,1,2,3.06,2026-04-18T17:41:32.307679Z
19,7,1.0,2,0,1,3.11,2026-04-23T17:41:32.307679Z
19,8,1.0,3,1,1,3.04,2026-05-05T17:41:32.307679Z
20,1,25.1,2,4,0,3.31,2026-03-14T17:41:32.307679Z
20,2,13.9,1,0,1,3.28,2026-03-24T17:41:32.307679Z
20,3,14.7,5,4,1,3.14,2026-03-31T17:41:32.307679Z
20,4,19.4,3,3,1,3.13,2026-04-04T17:41:32.307679Z
20,5,2.5,4,5,0,3.02,2026-04-13T17:41:32.307679Z
20,6,15.7,5,0,2,3.01,2026-04-20T17:41:32.307679Z
20,7,22.3,0,2,1,2.86,2026-04-29T17:41:32.307679Z
20,8,19.6,4,0,4,2.97,2026-05-03T17:41:32.307679Z
21,1,21.5,2,6,1,3.78,2026-03-13T17:41:32.307679Z
21,2,17.8,5,3,0,3.8,2026-03-19T17:41:32.307679Z
21,3,23.5,2,3,1,3.7,2026-03-31T17:41:32.307679Z
21,4,14.2,4,1,3,3.58,2026-04-07T17:41:32.307679Z
21,5,28.0,4,6,1,3.59,2026-04-11T17:41:32.307679Z
21,6,24.0,4,2,2,3.59,2026-04-20T17:41:32.307679Z
21,7,6.2,2,2,3,3.54,2026-04-24T17:41:32.307679Z
21,8,1.0,2,2,2,3.49,2026-05-01T17:41:32.307679Z
22,1,24.7,4,0,0,2.59,2026-03-16T17:41:32.307679Z
22,2,33.1,6,1,0,2.39,2026-03-24T17:41:32.307679Z
22,3,26.5,5,3,1,2.47,2026-03-26T17:41:32.307679Z
22,4,24.6,2,2,1,2.4,2026-04-03T17:41:32.307679Z
22,5,22.4,1,2,1,2.33,2026-04-13T17:41:32.307679Z
22,6,20.1,6,2,1,2.32,2026-04-18T17:41:32.307679Z
22,7,23.2,5,1,1,2.14,2026-04-23T17:41:32.307679Z
22,8,1.0,3,2,1,2.1,2026-05-04T17:41:32.307679Z
23,1,24.4,0,4,1,3.65,2026-03-18T17:41:32.307679Z
23,2,20.7,5,3,1,3.58,2026-03-19T17:41:32.307679Z
23,3,16.7,5,3,1,3.56,2026-03-30T17:41:32.307679Z
23,4,20.5,2,2,2,3.36,2026-04-05T17:41:32.307679Z
23,5,1.0,0,4,2,3.44,2026-04-09T17:41:32.307679Z
23,6,21.3,0,5,1,3.26,2026-04-20T17:41:32.307679Z
23,7,6.3,0,3,2,3.36,2026-04-29T17:41:32.307679Z
23,8,1.0,0,1,2,3.31,2026-05-03T17:41:32.307679Z
24,1,23.9,3,0,0,2.99,2026-03-17T17:41:32.307679Z
24,2,16.8,3,2,0,2.83,2026-03-24T17:41:32.307679Z
24,3,17.3,3,1,2,2.89,2026-03-26T17:41:32.307679Z
24,4,26.0,1,1,1,2.74,2026-04-03T17:41:32.307679Z
24,5,20.0,4,6,2,2.72,2026-04-12T17:41:32.307679Z
24,6,1.0,3,1,2,2.56,2026-04-19T17:41:32.307679Z
24,7,1.9,0,3,2,2.6,2026-04-23T17:41:32.307679Z
24,8,1.0,4,5,1,2.62,2026-05-04T17:41:32.307679Z
25,1,26.9,6,3,0,3.53,2026-03-15T17:41:32.307679Z
25,2,22.6,5,2,2,3.49,2026-03-19T17:41:32.307679Z
25,3,27.5,6,2,0,3.32,2026-03-27T17:41:32.307679Z
25,4,22.6,3,2,0,3.31,2026-04-03T17:41:32.307679Z
25,5,28.1,2,4,2,3.23,2026-04-12T17:41:32.307679Z
25,6,28.2,0,2,1,3.34,2026-04-19T17:41:32.307679Z
25,7,9.1,4,4,1,3.29,2026-04-29T17:41:32.307679Z
25,8,7.9,2,3,0,3.2,2026-05-01T17:41:32.307679Z
26,1,50.2,6,1,0,2.78,2026-03-18T17:41:32.307679Z
26,2,46.7,8,2,2,2.7,2026-03-20T17:41:32.307679Z
26,3,46.3,4,1,1,2.63,2026-03-30T17:41:32.307679Z
26,4,34.8,0,2,1,2.51,2026-04-07T17:41:32.307679Z
26,5,48.1,5,2,0,2.53,2026-04-15T17:41:32.307679Z
26,6,38.5,2,0,1,2.43,2026-04-21T17:41:32.307679Z
26,7,17.4,4,1,2,2.37,2026-04-23T17:41:32.307679Z
26,8,18.1,2,3,1,2.3,2026-05-02T17:41:32.307679Z
27,1,22.9,3,2,0,2.63,2026-03-16T17:41:32.307679Z
27,2,23.1,5,1,1,2.6,2026-03-25T17:41:32.307679Z
27,3,19.4,6,3,0,2.53,2026-03-30T17:41:32.307679Z
27,4,27.3,5,3,3,2.52,2026-04-05T17:41:32.307679Z
27,5,10.1,2,0,2,2.41,2026-04-15T17:41:32.307679Z
27,6,1.0,0,0,2,2.26,2026-04-17T17:41:32.307679Z
27,7,1.0,4,3,1,2.36,2026-04-23T17:41:32.307679Z
27,8,14.1,4,3,2,2.21,2026-04-30T17:41:32.307679Z
28,1,49.0,5,1,3,3.44,2026-03-13T17:41:32.307679Z
28,2,50.7,6,4,3,3.37,2026-03-21T17:41:32.307679Z
28,3,45.4,3,4,2,3.34,2026-03-30T17:41:32.307679Z
28,4,40.9,7,5,2,3.28,2026-04-07T17:41:32.307679Z
28,5,37.4,6,2,1,3.33,2026-04-12T17:41:32.307679Z
28,6,45.5,7,4,2,3.24,2026-04-20T17:41:32.307679Z
28,7,21.5,7,3,2,3.23,2026-04-24T17:41:32.307679Z
28,8,12.9,5,0,1,3.03,2026-05-05T17:41:32.307679Z
29,1,47.0,1,2,3,3.83,2026-03-12T17:41:32.307679Z
29,2,43.0,4,1,2,3.66,2026-03-19T17:41:32.307679Z
29,3,46.3,7,4,2,3.69,2026-03-29T17:41:32.307679Z
29,4,38.3,3,2,0,3.68,2026-04-06T17:41:32.307679Z
29,5,51.9,7,3,1,3.56,2026-04-14T17:41:32.307679Z
29,6,37.8,5,3,0,3.53,2026-04-21T17:41:32.307679Z
29,7,46.4,3,5,2,3.46,2026-04-28T17:41:32.307679Z
29,8,46.7,0,5,1,3.49,2026-05-02T17:41:32.307679Z
30,1,54.7,7,3,1,2.43,2026-03-13T17:41:32.307679Z
30,2,57.8,6,2,2,2.5,2026-03-23T17:41:32.307679Z
30,3,53.4,3,2,3,2.43,2026-03-26T17:41:32.307679Z
30,4,47.3,6,4,1,2.38,2026-04-04T17:41:32.307679Z
30,5,39.7,4,4,2,2.35,2026-04-10T17:41:32.307679Z
30,6,56.5,2,4,1,2.26,2026-04-20T17:41:32.307679Z
30,7,36.5,4,4,2,2.15,2026-04-25T17:41:32.307679Z
30,8,45.2,0,2,0,2.23,2026-05-01T17:41:32.307679Z
31,1,46.6,5,1,3,2.91,2026-03-14T17:41:32.307679Z
31,2,38.4,6,1,1,3.02,2026-03-19T17:41:32.307679Z
31,3,42.4,6,1,2,2.95,2026-03-27T17:41:32.307679Z
31,4,31.4,1,0,1,2.84,2026-04-08T17:41:32.307679Z
31,5,42.5,5,1,2,2.8,2026-04-09T17:41:32.307679Z
31,6,35.3,2,1,0,2.81,2026-04-20T17:41:32.307679Z
31,7,25.1,3,3,0,2.77,2026-04-24T17:41:32.307679Z
31,8,16.1,1,2,2,2.64,2026-04-30T17:41:32.307679Z
32,1,30.8,5,1,3,2.76,2026-03-17T17:41:32.307679Z
32,2,30.7,2,0,1,2.87,2026-03-21T17:41:32.307679Z
32,3,24.3,3,4,0,2.67,2026-03-28T17:41:32.307679Z
32,4,27.9,1,1,1,2.77,2026-04-05T17:41:32.307679Z
32,5,15.4,7,3,1,2.65,2026-04-11T17:41:32.307679Z
32,6,21.1,4,1,3,2.52,2026-04-17T17:41:32.307679Z
32,7,14.0,5,4,0,2.58,2026-04-26T17:41:32.307679Z
32,8,25.1,3,2,1,2.53,2026-04-30T17:41:32.307679Z
33,1,59.9,2,2,3,2.8,2026-03-17T17:41:32.307679Z
33,2,49.5,4,4,2,2.77,2026-03-25T17:41:32.307679Z
33,3,47.0,3,3,0,2.64,2026-03-30T17:41:32.307679Z
33,4,53.1,2,2,2,2.59,2026-04-03T17:41:32.307679Z
33,5,42.9,6,3,3,2.59,2026-04-13T17:41:32.307679Z
33,6,52.5,1,2,1,2.53,2026-04-20T17:41:32.307679Z
33,7,24.5,0,0,1,2.51,2026-04-28T17:41:32.307679Z
33,8,28.6,2,2,2,2.38,2026-05-01T17:41:32.307679Z
34,1,56.0,6,0,2,3.21,2026-03-14T17:41:32.307679Z
34,2,52.0,2,3,1,3.25,2026-03-22T17:41:32.307679Z
34,3,49.5,4,2,0,3.1,2026-03-27T17:41:32.307679Z
34,4,43.3,3,2,2,3.1,2026-04-04T17:41:32.307679Z
34,5,51.6,1,2,3,2.96,2026-04-13T17:41:32.307679Z
34,6,33.8,3,1,2,2.92,2026-04-18T17:41:32.307679Z
34,7,39.5,2,3,2,2.87,2026-04-29T17:41:32.307679Z
34,8,24.8,2,3,2,2.84,2026-05-04T17:41:32.307679Z
35,1,43.5,2,0,2,3.55,2026-03-12T17:41:32.307679Z
35,2,41.4,2,3,2,3.45,2026-03-22T17:41:32.307679Z
35,3,37.4,3,1,3,3.45,2026-03-29T17:41:32.307679Z
35,4,47.9,2,4,1,3.32,2026-04-08T17:41:32.307679Z
35,5,30.3,3,3,2,3.23,2026-04-10T17:41:32.307679Z
35,6,39.7,3,1,2,3.26,2026-04-17T17:41:32.307679Z
35,7,28.3,3,3,1,3.31,2026-04-25T17:41:32.307679Z
35,8,33.1,6,3,4,3.17,2026-05-03T17:41:32.307679Z
36,1,39.1,6,3,3,2.98,2026-03-16T17:41:32.307679Z
36,2,38.9,3,1,0,2.85,2026-03-25T17:41:32.307679Z
36,3,38.5,4,0,3,2.79,2026-03-28T17:41:32.307679Z
36,4,43.1,1,5,1,2.69,2026-04-04T17:41:32.307679Z
36,5,31.6,0,2,1,2.67,2026-04-14T17:41:32.307679Z
36,6,14.1,5,4,1,2.61,2026-04-20T17:41:32.307679Z
36,7,37.8,1,0,1,2.64,2026-04-29T17:41:32.307679Z
36,8,29.1,2,4,0,2.51,2026-05-06T17:41:32.307679Z
37,1,25.9,2,1,1,3.88,2026-03-16T17:41:32.307679Z
37,2,26.4,4,4,1,3.79,2026-03-20T17:41:32.307679Z
37,3,16.6,4,4,1,3.84,2026-03-29T17:41:32.307679Z
37,4,2.7,3,1,3,3.79,2026-04-05T17:41:32.307679Z
37,5,2.8,0,3,2,3.7,2026-04-11T17:41:32.307679Z
37,6,17.0,3,3,2,3.58,2026-04-20T17:41:32.307679Z
37,7,8.8,1,3,2,3.56,2026-04-26T17:41:32.307679Z
37,8,13.0,0,2,1,3.45,2026-05-02T17:41:32.307679Z
38,1,49.1,6,0,1,3.32,2026-03-13T17:41:32.307679Z
38,2,49.7,4,0,1,3.34,2026-03-21T17:41:32.307679Z
38,3,52.7,5,3,2,3.18,2026-04-01T17:41:32.307679Z
38,4,40.3,5,2,2,3.2,2026-04-08T17:41:32.307679Z
38,5,41.2,6,5,2,3.15,2026-04-14T17:41:32.307679Z
38,6,40.8,3,2,2,3.09,2026-04-22T17:41:32.307679Z
38,7,29.5,1,3,1,2.97,2026-04-29T17:41:32.307679Z
38,8,12.4,2,1,1,3.06,2026-04-30T17:41:32.307679Z
39,1,24.4,4,5,1,2.91,2026-03-14T17:41:32.307679Z
39,2,22.2,6,2,2,2.86,2026-03-20T17:41:32.307679Z
39,3,19.4,7,2,2,2.66,2026-03-26T17:41:32.307679Z
39,4,9.3,4,5,2,2.7,2026-04-02T17:41:32.307679Z
39,5,25.2,7,4,1,2.69,2026-04-12T17:41:32.307679Z
39,6,4.0,4,3,1,2.63,2026-04-22T17:41:32.307679Z
39,7,1.0,0,3,3,2.47,2026-04-28T17:41:32.307679Z
39,8,4.7,1,0,2,2.57,2026-05-03T17:41:32.307679Z
40,1,39.4,1,2,1,3.41,2026-03-14T17:41:32.307679Z
40,2,41.1,5,3,1,3.37,2026-03-23T17:41:32.307679Z
40,3,45.1,6,2,3,3.32,2026-03-27T17:41:32.307679Z
40,4,27.1,4,4,3,3.3,2026-04-03T17:41:32.307679Z
40,5,39.4,2,3,1,3.21,2026-04-15T17:41:32.307679Z
40,6,18.1,5,2,1,3.24,2026-04-20T17:41:32.307679Z
40,7,11.0,3,2,1,3.18,2026-04-25T17:41:32.307679Z
40,8,11.4,5,2,2,3.2,2026-04-30T17:41:32.307679Z
41,1,29.6,4,1,2,2.62,2026-03-14T17:41:32.307679Z
41,2,22.7,6,1,3,2.51,2026-03-19T17:41:32.307679Z
41,3,21.8,7,3,3,2.49,2026-04-01T17:41:32.307679Z
41,4,21.8,5,7,2,2.55,2026-04-05T17:41:32.307679Z
41,5,8.4,3,2,0,2.46,2026-04-10T17:41:32.307679Z
41,6,15.1,4,2,2,2.43,2026-04-16T17:41:32.307679Z
41,7,1.1,4,4,1,2.26,2026-04-28T17:41:32.307679Z
41,8,14.4,4,2,1,2.24,2026-05-02T17:41:32.307679Z
42,1,48.1,2,1,1,3.15,2026-03-13T17:41:32.307679Z
42,2,38.4,3,0,0,3.14,2026-03-24T17:41:32.307679Z
42,3,41.2,5,4,2,2.96,2026-03-30T17:41:32.307679Z
42,4,31.8,5,3,0,2.88,2026-04-07T17:41:32.307679Z
42,5,36.6,3,3,1,2.9,2026-04-12T17:41:32.307679Z
42,6,34.6,1,1,3,2.8,2026-04-22T17:41:32.307679Z
42,7,25.4,4,4,0,2.8,2026-04-26T17:41:32.307679Z
42,8,44.7,4,2,2,2.65,2026-05-06T17:41:32.307679Z
43,1,30.2,8,2,2,3.48,2026-03-13T17:41:32.307679Z
43,2,29.1,7,2,1,3.38,2026-03-19T17:41:32.307679Z
43,3,38.4,4,3,2,3.24,2026-03-31T17:41:32.307679Z
43,4,21.1,4,0,1,3.23,2026-04-04T17:41:32.307679Z
43,5,31.4,8,3,0,3.3,2026-04-12T17:41:32.307679Z
43,6,6.1,0,0,1,3.16,2026-04-18T17:41:32.307679Z
43,7,1.6,1,1,1,3.05,2026-04-24T17:41:32.307679Z
43,8,1.0,0,2,0,3.02,2026-05-04T17:41:32.307679Z
44,1,46.9,1,2,2,3.39,2026-03-17T17:41:32.307679Z
44,2,46.1,2,3,2,3.29,2026-03-21T17:41:32.307679Z
44,3,38.7,0,0,3,3.35,2026-04-01T17:41:32.307679Z
44,4,42.2,2,0,2,3.23,2026-04-06T17:41:32.307679Z
44,5,31.9,0,2,1,3.25,2026-04-09T17:41:32.307679Z
44,6,29.3,5,1,1,3.2,2026-04-18T17:41:32.307679Z
44,7,50.9,3,4,2,3.12,2026-04-27T17:41:32.307679Z
44,8,25.5,0,2,1,3.0,2026-05-01T17:41:32.307679Z
45,1,22.9,5,2,0,3.1,2026-03-17T17:41:32.307679Z
45,2,23.4,7,0,2,3.04,2026-03-25T17:41:32.307679Z
45,3,15.6,3,5,1,2.86,2026-04-01T17:41:32.307679Z
45,4,23.3,3,0,2,2.82,2026-04-08T17:41:32.307679Z
45,5,21.6,3,2,2,2.81,2026-04-09T17:41:32.307679Z
45,6,16.6,1,1,3,2.73,2026-04-21T17:41:32.307679Z
45,7,1.0,0,3,1,2.71,2026-04-26T17:41:32.307679Z
45,8,17.7,2,0,2,2.71,2026-05-02T17:41:32.307679Z
46,1,19.7,6,4,0,3.19,2026-03-16T17:41:32.307679Z
46,2,17.7,4,3,2,3.19,2026-03-24T17:41:32.307679Z
46,3,8.2,3,1,1,3.17,2026-03-26T17:41:32.307679Z
46,4,6.2,5,1,3,3.16,2026-04-06T17:41:32.307679Z
46,5,15.4,4,2,0,3.12,2026-04-09T17:41:32.307679Z
46,6,1.0,5,2,1,3.07,2026-04-18T17:41:32.307679Z
46,7,24.8,4,4,2,2.96,2026-04-24T17:41:32.307679Z
46,8,3.0,3,1,1,3.0,2026-05-05T17:41:32.307679Z
47,1,49.6,6,3,1,2.55,2026-03-12T17:41:32.307679Z
47,2,49.6,8,5,2,2.51,2026-03-24T17:41:32.307679Z
47,3,39.7,3,5,0,2.43,2026-03-31T17:41:32.307679Z
47,4,44.3,7,4,1,2.31,2026-04-06T17:41:32.307679Z
47,5,25.4,3,2,2,2.33,2026-04-14T17:41:32.307679Z
47,6,41.7,2,1,3,2.22,2026-04-20T17:41:32.307679Z
47,7,33.6,3,4,5,2.32,2026-04-25T17:41:32.307679Z
47,8,36.9,2,2,2,2.22,2026-05-04T17:41:32.307679Z
48,1,55.7,5,3,4,3.38,2026-03-16T17:41:32.307679Z
48,2,59.2,3,1,1,3.31,2026-03-20T17:41:32.307679Z
48,3,56.8,3,2,4,3.25,2026-03-30T17:41:32.307679Z
48,4,40.1,3,0,1,3.19,2026-04-04T17:41:32.307679Z
48,5,34.7,5,3,4,3.18,2026-04-14T17:41:32.307679Z
48,6,34.4,2,4,1,3.22,2026-04-16T17:41:32.307679Z
48,7,49.0,5,2,0,3.14,2026-04-24T17:41:32.307679Z
48,8,28.1,1,2,0,3.07,2026-05-04T17:41:32.307679Z
49,1,37.6,3,3,2,3.57,2026-03-14T17:41:32.307679Z
49,2,30.3,6,2,1,3.37,2026-03-20T17:41:32.307679Z
49,3,32.5,5,1,1,3.32,2026-03-29T17:41:32.307679Z
49,4,25.9,6,4,0,3.3,2026-04-07T17:41:32.307679Z
49,5,25.4,1,1,2,3.27,2026-04-09T17:41:32.307679Z
49,6,9.9,3,0,1,3.13,2026-04-19T17:41:32.307679Z
49,7,21.5,4,3,1,3.24,2026-04-26T17:41:32.307679Z
49,8,29.7,3,5,1,3.21,2026-05-03T17:41:32.307679Z
50,1,49.3,5,0,1,3.16,2026-03-15T17:41:32.307679Z
50,2,52.6,3,5,0,3.2,2026-03-19T17:41:32.307679Z
50,3,52.1,7,1,1,3.0,2026-03-29T17:41:32.307679Z
50,4,37.6,3,2,0,3.12,2026-04-06T17:41:32.307679Z
50,5,29.2,1,4,3,3.01,2026-04-10T17:41:32.307679Z
50,6,44.8,2,3,1,2.89,2026-04-21T17:41:32.307679Z
50,7,25.0,2,2,2,2.9,2026-04-25T17:41:32.307679Z
50,8,52.7,3,0,2,2.85,2026-05-03T17:41:32.307679Z
51,1,28.6,7,3,2,3.41,2026-03-16T17:41:32.307679Z
51,2,21.7,7,3,2,3.3,2026-03-20T17:41:32.307679Z
51,3,20.9,5,1,2,3.27,2026-03-27T17:41:32.307679Z
51,4,24.5,3,1,0,3.25,2026-04-06T17:41:32.307679Z
51,5,24.8,0,1,2,3.16,2026-04-12T17:41:32.307679Z
51,6,7.5,4,3,1,3.13,2026-04-16T17:41:32.307679Z
51,7,2.3,0,2,1,3.01,2026-04-28T17:41:32.307679Z
51,8,1.0,0,5,2,3.05,2026-05-06T17:41:32.307679Z
52,1,57.6,0,2,1,2.94,2026-03-16T17:41:32.307679Z
52,2,55.1,5,4,0,2.83,2026-03-21T17:41:32.307679Z
52,3,42.7,7,3,3,2.89,2026-03-29T17:41:32.307679Z
52,4,50.3,6,1,1,2.68,2026-04-03T17:41:32.307679Z
52,5,40.4,5,3,0,2.65,2026-04-11T17:41:32.307679Z
52,6,51.5,2,2,1,2.62,2026-04-18T17:41:32.307679Z
52,7,33.7,0,3,2,2.56,2026-04-26T17:41:32.307679Z
52,8,22.4,3,1,3,2.56,2026-05-05T17:41:32.307679Z
53,1,24.0,4,2,1,3.36,2026-03-18T17:41:32.307679Z
53,2,24.8,3,2,2,3.33,2026-03-24T17:41:32.307679Z
53,3,12.5,3,2,3,3.14,2026-04-01T17:41:32.307679Z
53,4,11.9,6,1,2,3.08,2026-04-05T17:41:32.307679Z
53,5,1.0,2,2,1,3.02,2026-04-09T17:41:32.307679Z
53,6,4.2,3,1,2,2.97,2026-04-19T17:41:32.307679Z
53,7,1.0,3,2,3,3.07,2026-04-28T17:41:32.307679Z
53,8,1.0,0,4,2,3.0,2026-04-30T17:41:32.307679Z
54,1,21.1,6,3,3,3.93,2026-03-14T17:41:32.307679Z
54,2,22.6,5,2,1,3.79,2026-03-21T17:41:32.307679Z
54,3,15.0,3,3,2,3.7,2026-03-30T17:41:32.307679Z
54,4,6.1,5,1,1,3.7,2026-04-07T17:41:32.307679Z
54,5,1.6,4,4,2,3.61,2026-04-09T17:41:32.307679Z
54,6,7.8,1,3,2,3.63,2026-04-17T17:41:32.307679Z
54,7,1.0,1,1,1,3.56,2026-04-24T17:41:32.307679Z
54,8,1.0,3,0,1,3.6,2026-05-03T17:41:32.307679Z
55,1,44.7,6,3,0,2.63,2026-03-13T17:41:32.307679Z
55,2,45.8,2,2,2,2.53,2026-03-24T17:41:32.307679Z
55,3,42.4,3,4,2,2.54,2026-04-01T17:41:32.307679Z
55,4,42.3,4,2,1,2.41,2026-04-08T17:41:32.307679Z
55,5,21.6,3,2,1,2.46,2026-04-10T17:41:32.307679Z
55,6,24.6,5,4,1,2.36,2026-04-22T17:41:32.307679Z
55,7,17.0,5,2,1,2.27,2026-04-28T17:41:32.307679Z
55,8,43.7,5,1,1,2.31,2026-05-03T17:41:32.307679Z
56,1,31.1,2,4,1,2.71,2026-03-14T17:41:32.307679Z
56,2,31.7,2,5,2,2.67,2026-03-25T17:41:32.307679Z
56,3,20.4,5,3,1,2.56,2026-03-27T17:41:32.307679Z
56,4,33.1,3,2,3,2.53,2026-04-05T17:41:32.307679Z
56,5,19.9,6,2,1,2.52,2026-04-15T17:41:32.307679Z
56,6,22.9,1,2,1,2.44,2026-04-22T17:41:32.307679Z
56,7,1.0,3,3,0,2.37,2026-04-28T17:41:32.307679Z
56,8,15.8,4,0,1,2.29,2026-05-01T17:41:32.307679Z
57,1,41.4,4,5,2,3.79,2026-03-13T17:41:32.307679Z
57,2,37.8,4,0,3,3.63,2026-03-24T17:41:32.307679Z
57,3,36.1,6,1,3,3.66,2026-03-29T17:41:32.307679Z
57,4,31.8,2,2,2,3.64,2026-04-06T17:41:32.307679Z
57,5,32.6,3,1,3,3.47,2026-04-09T17:41:32.307679Z
57,6,27.2,2,4,2,3.55,2026-04-17T17:41:32.307679Z
57,7,16.2,5,1,1,3.47,2026-04-27T17:41:32.307679Z
57,8,38.2,5,2,0,3.33,2026-05-05T17:41:32.307679Z
58,1,45.6,4,2,0,3.38,2026-03-14T17:41:32.307679Z
58,2,43.6,5,3,1,3.23,2026-03-23T17:41:32.307679Z
58,3,34.8,3,2,1,3.18,2026-03-28T17:41:32.307679Z
58,4,28.3,4,2,2,3.22,2026-04-08T17:41:32.307679Z
58,5,20.3,2,2,1,3.19,2026-04-13T17:41:32.307679Z
58,6,21.0,6,2,2,3.18,2026-04-17T17:41:32.307679Z
58,7,27.1,4,1,2,3.16,2026-04-24T17:41:32.307679Z
58,8,8.9,3,1,2,3.05,2026-05-05T17:41:32.307679Z
59,1,44.0,2,1,2,2.8,2026-03-14T17:41:32.307679Z
59,2,47.1,5,3,1,2.8,2026-03-22T17:41:32.307679Z
59,3,36.3,4,2,2,2.75,2026-03-30T17:41:32.307679Z
59,4,28.6,3,4,1,2.76,2026-04-05T17:41:32.307679Z
59,5,32.4,3,4,2,2.63,2026-04-12T17:41:32.307679Z
59,6,24.8,2,2,0,2.51,2026-04-18T17:41:32.307679Z
59,7,26.0,3,3,2,2.5,2026-04-27T17:41:32.307679Z
59,8,40.6,2,3,2,2.4,2026-04-30T17:41:32.307679Z
60,1,48.7,5,4,3,2.5,2026-03-16T17:41:32.307679Z
60,2,45.6,8,4,1,2.63,2026-03-19T17:41:32.307679Z
60,3,34.0,0,3,0,2.44,2026-03-29T17:41:32.307679Z
60,4,34.0,0,3,1,2.49,2026-04-04T17:41:32.307679Z
60,5,25.0,3,3,2,2.37,2026-04-12T17:41:32.307679Z
60,6,12.4,3,1,2,2.26,2026-04-20T17:41:32.307679Z
60,7,14.3,0,0,1,2.2,2026-04-27T17:41:32.307679Z
60,8,17.0,1,4,2,2.27,2026-04-30T17:41:32.307679Z
61,1,59.3,7,1,0,3.5,2026-03-15T17:41:32.307679Z
61,2,57.2,4,3,1,3.39,2026-03-22T17:41:32.307679Z
61,3,49.0,1,3,2,3.43,2026-03-29T17:41:32.307679Z
61,4,61.3,3,2,1,3.42,2026-04-04T17:41:32.307679Z
61,5,55.0,4,0,2,3.27,2026-04-10T17:41:32.307679Z
61,6,47.3,4,4,2,3.24,2026-04-21T17:41:32.307679Z
61,7,38.4,3,3,2,3.17,2026-04-29T17:41:32.307679Z
61,8,32.7,2,0,1,3.14,2026-04-30T17:41:32.307679Z
62,1,16.9,7,4,1,2.62,2026-03-18T17:41:32.307679Z
62,2,20.7,2,3,2,2.58,2026-03-22T17:41:32.307679Z
62,3,13.3,4,2,1,2.42,2026-03-26T17:41:32.307679Z
62,4,8.4,3,4,2,2.5,2026-04-02T17:41:32.307679Z
62,5,1.0,0,3,2,2.37,2026-04-15T17:41:32.307679Z
62,6,1.0,7,2,2,2.37,2026-04-20T17:41:32.307679Z
62,7,19.9,4,0,1,2.21,2026-04-24T17:41:32.307679Z
62,8,1.0,1,2,2,2.18,2026-05-04T17:41:32.307679Z
63,1,22.8,5,2,1,2.59,2026-03-12T17:41:32.307679Z
63,2,18.3,4,2,3,2.66,2026-03-22T17:41:32.307679Z
63,3,10.4,2,1,0,2.57,2026-03-26T17:41:32.307679Z
63,4,13.1,6,2,1,2.57,2026-04-04T17:41:32.307679Z
63,5,8.3,3,3,1,2.42,2026-04-15T17:41:32.307679Z
63,6,1.0,3,0,2,2.34,2026-04-16T17:41:32.307679Z
63,7,17.6,1,0,1,2.38,2026-04-23T17:41:32.307679Z
63,8,18.0,3,3,2,2.32,2026-05-06T17:41:32.307679Z
64,1,38.5,5,3,1,2.6,2026-03-15T17:41:32.307679Z
64,2,32.8,4,3,3,2.57,2026-03-25T17:41:32.307679Z
64,3,34.1,4,4,2,2.47,2026-03-30T17:41:32.307679Z
64,4,33.3,8,5,3,2.5,2026-04-05T17:41:32.307679Z
64,5,28.7,4,4,1,2.36,2026-04-13T17:41:32.307679Z
64,6,32.7,5,3,1,2.34,2026-04-18T17:41:32.307679Z
64,7,28.2,5,5,4,2.37,2026-04-27T17:41:32.307679Z
64,8,1.0,1,4,1,2.41,2026-05-04T17:41:32.307679Z
65,1,38.2,6,2,1,3.28,2026-03-13T17:41:32.307679Z
65,2,37.4,5,2,2,3.24,2026-03-24T17:41:32.307679Z
65,3,25.1,2,2,2,3.08,2026-03-27T17:41:32.307679Z
65,4,40.0,0,2,1,2.99,2026-04-04T17:41:32.307679Z
65,5,33.3,5,3,1,3.07,2026-04-14T17:41:32.307679Z
65,6,26.2,6,2,2,2.98,2026-04-17T17:41:32.307679Z
65,7,9.2,0,3,2,2.97,2026-04-25T17:41:32.307679Z
65,8,14.6,2,3,0,2.87,2026-05-04T17:41:32.307679Z
66,1,55.6,4,2,3,3.76,2026-03-12T17:41:32.307679Z
66,2,49.1,3,4,2,3.66,2026-03-24T17:41:32.307679Z
66,3,53.1,5,7,2,3.58,2026-04-01T17:41:32.307679Z
66,4,45.9,5,3,3,3.48,2026-04-04T17:41:32.307679Z
66,5,30.3,3,3,1,3.48,2026-04-15T17:41:32.307679Z
66,6,50.2,5,2,0,3.39,2026-04-20T17:41:32.307679Z
66,7,40.3,1,0,2,3.46,2026-04-23T17:41:32.307679Z
66,8,52.4,2,2,4,3.25,2026-05-02T17:41:32.307679Z
67,1,21.5,5,2,0,2.81,2026-03-15T17:41:32.307679Z
67,2,21.8,6,2,1,2.58,2026-03-25T17:41:32.307679Z
67,3,18.2,2,2,0,2.68,2026-03-29T17:41:32.307679Z
67,4,15.8,2,3,1,2.53,2026-04-03T17:41:32.307679Z
67,5,1.0,4,1,1,2.59,2026-04-10T17:41:32.307679Z
67,6,13.4,4,4,3,2.51,2026-04-18T17:41:32.307679Z
67,7,14.7,2,0,2,2.35,2026-04-25T17:41:32.307679Z
67,8,1.0,1,2,2,2.41,2026-05-05T17:41:32.307679Z
68,1,33.1,5,4,2,3.02,2026-03-13T17:41:32.307679Z
68,2,31.3,3,5,4,2.97,2026-03-23T17:41:32.307679Z
68,3,30.8,2,3,4,2.93,2026-03-27T17:41:32.307679Z
68,4,20.6,2,4,1,2.79,2026-04-05T17:41:32.307679Z
68,5,7.5,2,2,0,2.8,2026-04-09T17:41:32.307679Z
68,6,24.0,5,3,3,2.82,2026-04-22T17:41:32.307679Z
68,7,17.9,1,2,1,2.72,2026-04-24T17:41:32.307679Z
68,8,13.1,2,2,1,2.7,2026-05-03T17:41:32.307679Z
69,1,24.6,4,4,4,3.7,2026-03-17T17:41:32.307679Z
69,2,23.0,4,1,2,3.66,2026-03-24T17:41:32.307679Z
69,3,13.5,5,2,1,3.62,2026-03-29T17:41:32.307679Z
69,4,8.4,3,1,3,3.65,2026-04-05T17:41:32.307679Z
69,5,22.9,5,2,0,3.63,2026-04-10T17:41:32.307679Z
69,6,23.3,2,2,3,3.6,2026-04-18T17:41:32.307679Z
69,7,1.0,1,2,2,3.43,2026-04-28T17:41:32.307679Z
69,8,1.0,2,1,0,3.41,2026-05-03T17:41:32.307679Z
70,1,58.9,0,3,1,3.46,2026-03-15T17:41:32.307679Z
70,2,52.3,3,0,2,3.34,2026-03-23T17:41:32.307679Z
70,3,42.7,4,4,2,3.41,2026-03-28T17:41:32.307679Z
70,4,51.1,5,0,3,3.29,2026-04-04T17:41:32.307679Z
70,5,50.7,4,3,0,3.29,2026-04-10T17:41:32.307679Z
70,6,43.7,1,4,0,3.18,2026-04-21T17:41:32.307679Z
70,7,29.8,1,2,2,3.12,2026-04-29T17:41:32.307679Z
70,8,34.3,3,3,1,3.05,2026-05-01T17:41:32.307679Z
71,1,55.2,8,2,1,3.75,2026-03-15T17:41:32.307679Z
71,2,46.3,1,4,0,3.64,2026-03-21T17:41:32.307679Z
71,3,41.4,0,4,0,3.53,2026-03-28T17:41:32.307679Z
71,4,55.9,3,3,3,3.47,2026-04-03T17:41:32.307679Z
71,5,43.0,5,2,2,3.4,2026-04-12T17:41:32.307679Z
71,6,26.0,2,5,3,3.45,2026-04-16T17:41:32.307679Z
71,7,40.5,4,3,2,3.32,2026-04-27T17:41:32.307679Z
71,8,48.6,2,3,2,3.26,2026-05-06T17:41:32.307679Z
72,1,48.4,7,0,1,2.83,2026-03-18T17:41:32.307679Z
72,2,41.5,3,3,2,2.82,2026-03-25T17:41:32.307679Z
72,3,48.1,5,3,0,2.79,2026-03-30T17:41:32.307679Z
72,4,48.3,4,5,3,2.86,2026-04-05T17:41:32.307679Z
72,5,42.0,8,5,2,2.64,2026-04-15T17:41:32.307679Z
72,6,36.9,4,2,1,2.66,2026-04-19T17:41:32.307679Z
72,7,40.6,1,6,0,2.57,2026-04-29T17:41:32.307679Z
72,8,35.4,3,5,0,2.65,2026-05-02T17:41:32.307679Z
73,1,23.2,2,3,2,3.98,2026-03-16T17:41:32.307679Z
73,2,23.7,5,3,1,3.92,2026-03-20T17:41:32.307679Z
73,3,24.1,5,2,2,3.85,2026-03-31T17:41:32.307679Z
73,4,14.3,1,3,0,3.94,2026-04-04T17:41:32.307679Z
73,5,16.8,1,3,1,3.72,2026-04-11T17:41:32.307679Z
73,6,9.8,6,3,1,3.8,2026-04-22T17:41:32.307679Z
73,7,26.5,5,2,1,3.72,2026-04-23T17:41:32.307679Z
73,8,1.0,1,1,1,3.64,2026-05-02T17:41:32.307679Z
74,1,44.9,6,1,2,3.22,2026-03-12T17:41:32.307679Z
74,2,42.3,4,1,2,3.09,2026-03-23T17:41:32.307679Z
74,3,41.4,5,2,1,3.11,2026-04-01T17:41:32.307679Z
74,4,46.3,4,1,0,3.1,2026-04-05T17:41:32.307679Z
74,5,29.6,5,3,1,3.07,2026-04-15T17:41:32.307679Z
74,6,15.4,2,3,2,3.05,2026-04-18T17:41:32.307679Z
74,7,18.2,3,0,1,3.03,2026-04-26T17:41:32.307679Z
74,8,33.3,4,3,3,2.9,2026-05-05T17:41:32.307679Z
75,1,17.8,3,4,2,3.04,2026-03-14T17:41:32.307679Z
75,2,22.2,2,4,2,2.92,2026-03-21T17:41:32.307679Z
75,3,18.8,6,4,1,2.91,2026-03-28T17:41:32.307679Z
75,4,17.6,6,3,1,2.83,2026-04-08T17:41:32.307679Z
75,5,24.3,4,4,1,2.82,2026-04-13T17:41:32.307679Z
75,6,1.0,5,3,1,2.67,2026-04-16T17:41:32.307679Z
75,7,2.5,1,3,3,2.66,2026-04-25T17:41:32.307679Z
75,8,4.8,4,3,2,2.63,2026-05-03T17:41:32.307679Z
76,1,48.1,3,2,0,3.39,2026-03-15T17:41:32.307679Z
76,2,46.6,4,4,0,3.35,2026-03-23T17:41:32.307679Z
76,3,33.7,5,4,2,3.27,2026-04-01T17:41:32.307679Z
76,4,37.2,7,3,1,3.11,2026-04-05T17:41:32.307679Z
76,5,38.3,5,4,2,3.05,2026-04-09T17:41:32.307679Z
76,6,42.8,4,1,2,3.06,2026-04-21T17:41:32.307679Z
76,7,11.3,3,3,2,3.03,2026-04-28T17:41:32.307679Z
76,8,15.7,1,2,2,3.04,2026-04-30T17:41:32.307679Z
77,1,37.1,7,1,2,3.01,2026-03-18T17:41:32.307679Z
77,2,27.8,3,2,0,2.9,2026-03-25T17:41:32.307679Z
77,3,28.3,2,2,3,2.9,2026-03-28T17:41:32.307679Z
77,4,27.5,5,1,3,2.74,2026-04-05T17:41:32.307679Z
77,5,23.4,4,4,0,2.66,2026-04-13T17:41:32.307679Z
77,6,25.8,5,2,2,2.73,2026-04-18T17:41:32.307679Z
77,7,5.3,1,4,2,2.74,2026-04-27T17:41:32.307679Z
77,8,33.5,2,3,1,2.68,2026-05-05T17:41:32.307679Z
78,1,34.2,2,5,3,3.4,2026-03-15T17:41:32.307679Z
78,2,34.1,7,6,1,3.24,2026-03-25T17:41:32.307679Z
78,3,18.5,5,2,1,3.29,2026-03-31T17:41:32.307679Z
78,4,17.6,4,4,0,3.27,2026-04-05T17:41:32.307679Z
78,5,16.2,2,4,2,3.06,2026-04-11T17:41:32.307679Z
78,6,12.9,3,0,0,3.13,2026-04-19T17:41:32.307679Z
78,7,7.2,2,2,0,2.93,2026-04-24T17:41:32.307679Z
78,8,1.3,3,3,2,2.98,2026-05-06T17:41:32.307679Z
79,1,55.1,5,1,0,3.6,2026-03-17T17:41:32.307679Z
79,2,47.9,5,2,2,3.57,2026-03-22T17:41:32.307679Z
79,3,47.2,5,2,4,3.57,2026-03-31T17:41:32.307679Z
79,4,45.0,2,1,2,3.57,2026-04-02T17:41:32.307679Z
79,5,42.9,3,3,0,3.37,2026-04-14T17:41:32.307679Z
79,6,40.2,7,5,1,3.39,2026-04-17T17:41:32.307679Z
79,7,24.4,5,1,1,3.27,2026-04-29T17:41:32.307679Z
79,8,41.7,5,4,0,3.23,2026-05-01T17:41:32.307679Z
80,1,34.0,1,0,0,2.71,2026-03-12T17:41:32.307679Z
80,2,37.2,6,4,1,2.61,2026-03-22T17:41:32.307679Z
80,3,30.2,4,3,2,2.57,2026-03-28T17:41:32.307679Z
80,4,22.8,4,4,1,2.62,2026-04-02T17:41:32.307679Z
80,5,36.3,0,5,1,2.6,2026-04-09T17:41:32.307679Z
80,6,16.5,2,0,1,2.54,2026-04-17T17:41:32.307679Z
80,7,35.2,1,3,0,2.42,2026-04-29T17:41:32.307679Z
80,8,23.1,8,0,2,2.32,2026-05-06T17:41:32.307679Z
81,1,54.4,2,7,2,2.97,2026-03-17T17:41:32.307679Z
81,2,46.0,3,3,2,2.78,2026-03-22T17:41:32.307679Z
81,3,49.4,0,4,2,2.77,2026-03-31T17:41:32.307679Z
81,4,39.9,3,4,3,2.68,2026-04-04T17:41:32.307679Z
81,5,51.9,4,3,1,2.77,2026-04-13T17:41:32.307679Z
81,6,49.1,3,5,2,2.58,2026-04-16T17:41:32.307679Z
81,7,41.6,4,3,1,2.52,2026-04-25T17:41:32.307679Z
81,8,30.2,8,3,1,2.46,2026-05-06T17:41:32.307679Z
82,1,46.0,4,1,3,3.21,2026-03-17T17:41:32.307679Z
82,2,46.4,5,3,1,3.24,2026-03-25T17:41:32.307679Z
82,3,38.8,5,3,2,3.1,2026-03-27T17:41:32.307679Z
82,4,46.7,3,2,2,3.01,2026-04-05T17:41:32.307679Z
82,5,27.4,3,0,2,3.01,2026-04-15T17:41:32.307679Z
82,6,24.7,5,1,1,2.89,2026-04-18T17:41:32.307679Z
82,7,29.7,4,1,1,2.97,2026-04-29T17:41:32.307679Z
82,8,29.7,2,2,1,2.87,2026-05-03T17:41:32.307679Z
83,1,51.4,2,2,2,3.39,2026-03-18T17:41:32.307679Z
83,2,40.7,5,5,3,3.49,2026-03-23T17:41:32.307679Z
83,3,42.6,0,1,0,3.35,2026-03-29T17:41:32.307679Z
83,4,35.8,3,2,2,3.24,2026-04-06T17:41:32.307679Z
83,5,49.1,0,3,2,3.25,2026-04-14T17:41:32.307679Z
83,6,39.0,2,0,2,3.25,2026-04-18T17:41:32.307679Z
83,7,39.0,3,2,4,3.12,2026-04-28T17:41:32.307679Z
83,8,42.9,5,3,2,3.06,2026-05-03T17:41:32.307679Z
84,1,40.8,4,1,2,3.15,2026-03-17T17:41:32.307679Z
84,2,37.4,2,3,2,3.0,2026-03-25T17:41:32.307679Z
84,3,42.9,5,2,1,2.99,2026-03-31T17:41:32.307679Z
84,4,23.3,1,5,2,2.89,2026-04-05T17:41:32.307679Z
84,5,34.5,5,4,3,2.98,2026-04-13T17:41:32.307679Z
84,6,29.1,2,3,1,2.82,2026-04-16T17:41:32.307679Z
84,7,17.8,7,2,1,2.82,2026-04-25T17:41:32.307679Z
84,8,35.8,0,0,1,2.84,2026-05-06T17:41:32.307679Z
85,1,49.9,2,2,1,2.93,2026-03-12T17:41:32.307679Z
85,2,56.1,7,1,3,2.7,2026-03-21T17:41:32.307679Z
85,3,45.7,2,3,0,2.83,2026-04-01T17:41:32.307679Z
85,4,41.1,2,3,2,2.74,2026-04-05T17:41:32.307679Z
85,5,36.4,3,0,2,2.67,2026-04-11T17:41:32.307679Z
85,6,29.8,0,2,2,2.53,2026-04-19T17:41:32.307679Z
85,7,50.2,4,2,2,2.45,2026-04-25T17:41:32.307679Z
85,8,36.3,3,4,0,2.4,2026-04-30T17:41:32.307679Z
86,1,34.1,0,3,2,2.72,2026-03-16T17:41:32.307679Z
86,2,28.4,1,2,0,2.65,2026-03-24T17:41:32.307679Z
86,3,37.4,5,0,2,2.63,2026-03-30T17:41:32.307679Z
86,4,23.9,0,3,1,2.44,2026-04-07T17:41:32.307679Z
86,5,27.7,1,4,1,2.47,2026-04-15T17:41:32.307679Z
86,6,32.0,0,2,2,2.49,2026-04-19T17:41:32.307679Z
86,7,1.3,6,3,1,2.31,2026-04-25T17:41:32.307679Z
86,8,20.4,3,1,3,2.25,2026-05-06T17:41:32.307679Z
87,1,40.5,8,1,3,3.72,2026-03-12T17:41:32.307679Z
87,2,41.2,3,2,0,3.54,2026-03-21T17:41:32.307679Z
87,3,42.2,4,3,2,3.61,2026-03-30T17:41:32.307679Z
87,4,41.5,1,2,0,3.53,2026-04-04T17:41:32.307679Z
87,5,35.0,2,0,1,3.45,2026-04-15T17:41:32.307679Z
87,6,33.1,1,5,1,3.42,2026-04-17T17:41:32.307679Z
87,7,10.5,1,1,0,3.41,2026-04-29T17:41:32.307679Z
87,8,30.9,5,4,2,3.38,2026-05-05T17:41:32.307679Z
88,1,52.3,3,2,1,3.19,2026-03-18T17:41:32.307679Z
88,2,49.5,7,3,1,3.22,2026-03-23T17:41:32.307679Z
88,3,49.5,2,4,1,3.21,2026-03-26T17:41:32.307679Z
88,4,47.8,4,4,2,3.08,2026-04-07T17:41:32.307679Z
88,5,32.1,6,1,0,3.05,2026-04-11T17:41:32.307679Z
88,6,38.3,2,2,1,3.01,2026-04-21T17:41:32.307679Z
88,7,44.6,0,1,1,3.02,2026-04-29T17:41:32.307679Z
88,8,33.8,3,2,2,2.87,2026-04-30T17:41:32.307679Z
89,1,35.0,3,3,0,3.28,2026-03-15T17:41:32.307679Z
89,2,29.6,4,3,3,3.24,2026-03-22T17:41:32.307679Z
89,3,35.3,5,2,2,3.24,2026-03-30T17:41:32.307679Z
89,4,32.6,6,1,1,3.06,2026-04-06T17:41:32.307679Z
89,5,28.0,5,3,1,2.99,2026-04-10T17:41:32.307679Z
89,6,31.4,4,6,2,3.12,2026-04-17T17:41:32.307679Z
89,7,30.6,5,3,2,2.99,2026-04-25T17:41:32.307679Z
89,8,15.0,3,3,0,2.98,2026-05-04T17:41:32.307679Z
90,1,27.9,4,2,1,2.73,2026-03-16T17:41:32.307679Z
90,2,20.2,3,1,2,2.75,2026-03-22T17:41:32.307679Z
90,3,17.9,6,1,0,2.65,2026-03-30T17:41:32.307679Z
90,4,15.1,2,6,3,2.57,2026-04-08T17:41:32.307679Z
90,5,24.7,4,4,2,2.6,2026-04-10T17:41:32.307679Z
90,6,1.0,2,3,3,2.53,2026-04-20T17:41:32.307679Z
90,7,12.4,1,2,3,2.31,2026-04-26T17:41:32.307679Z
90,8,13.0,4,1,1,2.28,2026-04-30T17:41:32.307679Z
91,1,44.4,7,6,1,3.02,2026-03-13T17:41:32.307679Z
91,2,37.1,4,1,2,2.86,2026-03-21T17:41:32.307679Z
91,3,43.0,4,2,2,2.78,2026-03-30T17:41:32.307679Z
91,4,27.0,6,3,2,2.77,2026-04-05T17:41:32.307679Z
91,5,35.4,0,0,3,2.75,2026-04-09T17:41:32.307679Z
91,6,34.8,3,3,1,2.66,2026-04-16T17:41:32.307679Z
91,7,11.2,3,2,1,2.58,2026-04-26T17:41:32.307679Z
91,8,1.8,2,5,2,2.67,2026-05-04T17:41:32.307679Z
92,1,35.9,2,3,2,3.93,2026-03-17T17:41:32.307679Z
92,2,33.7,3,2,2,3.91,2026-03-19T17:41:32.307679Z
92,3,26.9,5,3,1,3.84,2026-03-30T17:41:32.307679Z
92,4,25.5,3,5,0,3.84,2026-04-08T17:41:32.307679Z
92,5,12.3,2,1,2,3.72,2026-04-14T17:41:32.307679Z
92,6,31.8,8,2,1,3.61,2026-04-17T17:41:32.307679Z
92,7,20.6,2,0,0,3.69,2026-04-23T17:41:32.307679Z
92,8,12.9,2,3,1,3.53,2026-05-06T17:41:32.307679Z
93,1,38.4,7,0,2,3.34,2026-03-12T17:41:32.307679Z
93,2,28.9,6,2,4,3.32,2026-03-19T17:41:32.307679Z
93,3,26.5,4,2,4,3.21,2026-03-29T17:41:32.307679Z
93,4,20.8,3,3,2,3.32,2026-04-05T17:41:32.307679Z
93,5,30.2,2,2,2,3.24,2026-04-13T17:41:32.307679Z
93,6,13.8,6,3,2,3.1,2026-04-20T17:41:32.307679Z
93,7,8.1,2,1,2,3.2,2026-04-28T17:41:32.307679Z
93,8,10.2,2,1,1,3.14,2026-05-05T17:41:32.307679Z
94,1,45.2,6,1,2,3.47,2026-03-16T17:41:32.307679Z
94,2,46.2,6,3,2,3.41,2026-03-22T17:41:32.307679Z
94,3,42.0,2,5,3,3.32,2026-03-31T17:41:32.307679Z
94,4,35.0,0,3,2,3.29,2026-04-07T17:41:32.307679Z
94,5,27.2,3,3,2,3.34,2026-04-10T17:41:32.307679Z
94,6,41.1,0,2,2,3.19,2026-04-22T17:41:32.307679Z
94,7,34.1,1,2,2,3.1,2026-04-23T17:41:32.307679Z
94,8,7.2,4,4,1,3.18,2026-04-30T17:41:32.307679Z
95,1,58.0,7,3,1,3.14,2026-03-12T17:41:32.307679Z
95,2,52.2,4,4,0,3.14,2026-03-22T17:41:32.307679Z
95,3,55.1,6,1,0,3.12,2026-03-29T17:41:32.307679Z
95,4,48.3,8,3,2,3.06,2026-04-06T17:41:32.307679Z
95,5,34.8,1,2,1,3.01,2026-04-12T17:41:32.307679Z
95,6,47.6,5,3,2,2.93,2026-04-20T17:41:32.307679Z
95,7,24.8,1,5,2,2.82,2026-04-25T17:41:32.307679Z
95,8,49.2,1,0,1,2.74,2026-05-01T17:41:32.307679Z
96,1,39.5,5,3,3,3.72,2026-03-17T17:41:32.307679Z
96,2,39.3,2,0,2,3.77,2026-03-23T17:41:32.307679Z
96,3,29.9,3,3,0,3.56,2026-03-27T17:41:32.307679Z
96,4,25.1,5,2,0,3.55,2026-04-05T17:41:32.307679Z
96,5,27.2,2,5,2,3.65,2026-04-11T17:41:32.307679Z
96,6,38.6,4,2,1,3.49,2026-04-21T17:41:32.307679Z
96,7,21.9,3,3,2,3.53,2026-04-28T17:41:32.307679Z
96,8,36.4,4,3,2,3.34,2026-05-02T17:41:32.307679Z
97,1,55.2,5,2,2,2.48,2026-03-18T17:41:32.307679Z
97,2,50.9,4,0,1,2.51,2026-03-22T17:41:32.307679Z
97,3,41.5,7,5,2,2.41,2026-03-28T17:41:32.307679Z
97,4,50.0,2,0,0,2.43,2026-04-06T17:41:32.307679Z
97,5,52.2,4,1,3,2.41,2026-04-15T17:41:32.307679Z
97,6,42.0,4,0,2,2.34,2026-04-22T17:41:32.307679Z
97,7,28.2,0,2,1,2.23,2026-04-26T17:41:32.307679Z
97,8,51.0,1,1,1,2.27,2026-05-03T17:41:32.307679Z
98,1,31.6,6,3,2,3.08,2026-03-14T17:41:32.307679Z
98,2,27.0,8,4,3,3.0,2026-03-19T17:41:32.307679Z
98,3,25.0,2,3,1,3.03,2026-03-29T17:41:32.307679Z
98,4,21.9,2,1,2,2.91,2026-04-02T17:41:32.307679Z
98,5,23.8,2,1,3,2.9,2026-04-14T17:41:32.307679Z
98,6,26.2,5,3,2,2.82,2026-04-20T17:41:32.307679Z
98,7,20.5,2,4,2,2.76,2026-04-28T17:41:32.307679Z
98,8,1.7,0,4,0,2.76,2026-05-02T17:41:32.307679Z
99,1,23.2,3,3,0,2.94,2026-03-16T17:41:32.307679Z
99,2,18.9,3,3,1,2.94,2026-03-20T17:41:32.307679Z
99,3,14.8,5,0,1,2.91,2026-03-28T17:41:32.307679Z
99,4,4.4,1,4,1,2.79,2026-04-08T17:41:32.307679Z
99,5,5.7,2,2,2,2.81,2026-04-15T17:41:32.307679Z
99,6,7.0,3,0,2,2.75,2026-04-21T17:41:32.307679Z
99,7,1.0,6,3,2,2.74,2026-04-25T17:41:32.307679Z
99,8,1.0,2,4,1,2.58,2026-05-03T17:41:32.307679Z
100,1,25.1,7,4,0,3.0,2026-03-12T17:41:32.307679Z
100,2,20.9,5,3,0,2.94,2026-03-20T17:41:32.307679Z
100,3,32.0,4,4,1,2.9,2026-03-30T17:41:32.307679Z
100,4,26.2,3,4,1,3.03,2026-04-03T17:41:32.307679Z
100,5,15.1,8,4,2,2.83,2026-04-12T17:41:32.307679Z
100,6,5.3,2,4,3,2.8,2026-04-17T17:41:32.307679Z
100,7,11.9,3,3,2,2.77,2026-04-29T17:41:32.307679Z
100,8,16.1,3,1,1,2.73,2026-04-30T17:41:32.307679Z
101,1,49.1,4,0,1,2.99,2026-03-13T17:41:32.307679Z
101,2,43.8,7,1,1,2.86,2026-03-24T17:41:32.307679Z
101,3,48.0,0,5,2,2.79,2026-03-31T17:41:32.307679Z
101,4,41.5,8,5,2,2.86,2026-04-05T17:41:32.307679Z
101,5,42.2,5,3,2,2.79,2026-04-12T17:41:32.307679Z
101,6,33.5,1,1,1,2.6,2026-04-21T17:41:32.307679Z
101,7,24.8,2,4,2,2.58,2026-04-28T17:41:32.307679Z
101,8,9.2,3,2,0,2.5,2026-05-04T17:41:32.307679Z
102,1,46.0,4,3,2,3.51,2026-03-12T17:41:32.307679Z
102,2,42.0,2,5,2,3.56,2026-03-20T17:41:32.307679Z
102,3,37.8,3,0,0,3.38,2026-03-31T17:41:32.307679Z
102,4,33.1,3,2,0,3.4,2026-04-04T17:41:32.307679Z
102,5,36.6,5,3,2,3.45,2026-04-10T17:41:32.307679Z
102,6,42.8,4,4,1,3.26,2026-04-21T17:41:32.307679Z
102,7,48.6,6,4,1,3.18,2026-04-27T17:41:32.307679Z
102,8,40.0,0,2,1,3.16,2026-05-04T17:41:32.307679Z
103,1,31.9,4,3,1,3.08,2026-03-13T17:41:32.307679Z
103,2,38.6,4,2,1,3.01,2026-03-20T17:41:32.307679Z
103,3,33.5,0,3,1,3.13,2026-03-30T17:41:32.307679Z
103,4,37.3,0,0,0,3.03,2026-04-07T17:41:32.307679Z
103,5,16.3,4,3,2,3.04,2026-04-14T17:41:32.307679Z
103,6,19.7,0,1,1,2.87,2026-04-21T17:41:32.307679Z
103,7,9.1,3,2,3,2.77,2026-04-24T17:41:32.307679Z
103,8,7.4,3,2,1,2.77,2026-05-02T17:41:32.307679Z
104,1,25.5,4,0,0,2.99,2026-03-14T17:41:32.307679Z
104,2,26.8,6,0,1,3.04,2026-03-21T17:41:32.307679Z
104,3,16.4,4,1,2,3.05,2026-03-27T17:41:32.307679Z
104,4,15.6,4,3,4,2.92,2026-04-03T17:41:32.307679Z
104,5,12.5,4,2,2,2.79,2026-04-10T17:41:32.307679Z
104,6,21.1,6,0,1,2.75,2026-04-20T17:41:32.307679Z
104,7,27.5,1,5,2,2.71,2026-04-25T17:41:32.307679Z
104,8,8.5,4,3,3,2.71,2026-05-02T17:41:32.307679Z
105,1,36.0,4,0,2,2.66,2026-03-15T17:41:32.307679Z
105,2,29.2,1,4,1,2.71,2026-03-23T17:41:32.307679Z
105,3,24.8,2,3,1,2.57,2026-03-27T17:41:32.307679Z
105,4,20.0,6,3,1,2.67,2026-04-07T17:41:32.307679Z
105,5,18.4,8,1,2,2.55,2026-04-14T17:41:32.307679Z
105,6,2.0,3,6,0,2.43,2026-04-20T17:41:32.307679Z
105,7,32.7,6,2,2,2.49,2026-04-28T17:41:32.307679Z
105,8,9.0,1,1,0,2.45,2026-05-01T17:41:32.307679Z
106,1,41.2,7,3,2,3.97,2026-03-13T17:41:32.307679Z
106,2,38.6,6,5,1,3.73,2026-03-25T17:41:32.307679Z
106,3,40.1,2,4,2,3.86,2026-03-29T17:41:32.307679Z
106,4,35.4,3,2,0,3.74,2026-04-05T17:41:32.307679Z
106,5,27.4,3,0,2,3.7,2026-04-15T17:41:32.307679Z
106,6,25.2,2,2,0,3.61,2026-04-18T17:41:32.307679Z
106,7,35.6,2,3,2,3.57,2026-04-25T17:41:32.307679Z
106,8,5.0,0,1,3,3.47,2026-05-01T17:41:32.307679Z
107,1,37.2,6,5,2,2.76,2026-03-18T17:41:32.307679Z
107,2,38.9,3,0,0,2.55,2026-03-21T17:41:32.307679Z
107,3,35.3,4,3,2,2.62,2026-03-26T17:41:32.307679Z
107,4,41.5,6,4,2,2.61,2026-04-02T17:41:32.307679Z
107,5,38.0,2,4,2,2.46,2026-04-15T17:41:32.307679Z
107,6,29.3,3,0,3,2.52,2026-04-22T17:41:32.307679Z
107,7,30.1,0,4,4,2.43,2026-04-23T17:41:32.307679Z
107,8,22.9,2,2,0,2.24,2026-05-04T17:41:32.307679Z
108,1,27.4,5,4,1,3.3,2026-03-17T17:41:32.307679Z
108,2,28.6,0,5,1,3.15,2026-03-21T17:41:32.307679Z
108,3,19.1,4,0,2,3.24,2026-04-01T17:41:32.307679Z
108,4,22.7,6,6,1,3.24,2026-04-08T17:41:32.307679Z
108,5,4.1,1,4,1,3.17,2026-04-15T17:41:32.307679Z
108,6,1.0,0,4,3,3.01,2026-04-21T17:41:32.307679Z
108,7,1.0,0,3,3,3.0,2026-04-24T17:41:32.307679Z
108,8,18.6,2,2,1,2.93,2026-05-05T17:41:32.307679Z
109,1,20.0,4,5,0,3.93,2026-03-17T17:41:32.307679Z
109,2,20.7,0,2,1,3.88,2026-03-25T17:41:32.307679Z
109,3,19.2,5,2,0,3.84,2026-03-31T17:41:32.307679Z
109,4,15.7,7,0,1,3.81,2026-04-03T17:41:32.307679Z
109,5,12.9,5,3,1,3.78,2026-04-13T17:41:32.307679Z
109,6,13.7,2,4,1,3.54,2026-04-16T17:41:32.307679Z
109,7,1.0,1,4,2,3.68,2026-04-24T17:41:32.307679Z
109,8,1.0,0,3,2,3.55,2026-05-03T17:41:32.307679Z
110,1,29.8,4,2,1,3.79,2026-03-18T17:41:32.307679Z
110,2,29.4,7,1,4,3.6,2026-03-25T17:41:32.307679Z
110,3,23.9,5,1,1,3.72,2026-03-28T17:41:32.307679Z
110,4,32.1,2,5,0,3.52,2026-04-07T17:41:32.307679Z
110,5,35.0,4,4,0,3.56,2026-04-15T17:41:32.307679Z
110,6,23.1,7,1,2,3.47,2026-04-18T17:41:32.307679Z
110,7,4.3,1,2,1,3.5,2026-04-26T17:41:32.307679Z
110,8,26.8,1,3,0,3.29,2026-05-05T17:41:32.307679Z
111,1,31.6,0,3,2,3.42,2026-03-17T17:41:32.307679Z
111,2,34.4,8,0,1,3.53,2026-03-20T17:41:32.307679Z
111,3,32.5,3,2,2,3.38,2026-03-26T17:41:32.307679Z
111,4,30.2,4,2,2,3.26,2026-04-07T17:41:32.307679Z
111,5,17.8,3,4,1,3.31,2026-04-12T17:41:32.307679Z
111,6,13.8,0,2,1,3.22,2026-04-22T17:41:32.307679Z
111,7,6.5,2,1,2,3.18,2026-04-28T17:41:32.307679Z
111,8,1.0,3,0,0,3.13,2026-05-05T17:41:32.307679Z
112,1,49.7,3,1,1,3.6,2026-03-18T17:41:32.307679Z
112,2,41.9,4,3,1,3.65,2026-03-23T17:41:32.307679Z
112,3,40.7,7,4,0,3.62,2026-04-01T17:41:32.307679Z
112,4,40.9,3,3,1,3.56,2026-04-03T17:41:32.307679Z
112,5,49.2,3,3,0,3.41,2026-04-11T17:41:32.307679Z
112,6,19.6,2,4,1,3.41,2026-04-20T17:41:32.307679Z
112,7,48.4,2,2,4,3.47,2026-04-25T17:41:32.307679Z
112,8,21.6,4,0,1,3.35,2026-05-02T17:41:32.307679Z
113,1,45.9,5,3,3,3.21,2026-03-13T17:41:32.307679Z
113,2,37.8,7,2,2,3.24,2026-03-19T17:41:32.307679Z
113,3,35.3,3,2,0,3.2,2026-03-31T17:41:32.307679Z
113,4,38.7,5,2,1,3.14,2026-04-07T17:41:32.307679Z
113,5,38.3,1,0,1,3.0,2026-04-15T17:41:32.307679Z
113,6,26.5,2,2,1,2.94,2026-04-16T17:41:32.307679Z
113,7,18.7,2,3,3,2.9,2026-04-29T17:41:32.307679Z
113,8,29.9,1,0,3,2.89,2026-04-30T17:41:32.307679Z
114,1,55.1,1,1,2,2.7,2026-03-14T17:41:32.307679Z
114,2,49.1,5,3,1,2.72,2026-03-22T17:41:32.307679Z
114,3,52.2,2,0,0,2.57,2026-03-30T17:41:32.307679Z
114,4,44.1,2,2,1,2.46,2026-04-05T17:41:32.307679Z
114,5,35.4,6,1,0,2.52,2026-04-12T17:41:32.307679Z
114,6,26.9,6,5,1,2.44,2026-04-18T17:41:32.307679Z
114,7,17.2,2,0,2,2.3,2026-04-25T17:41:32.307679Z
114,8,32.4,5,3,2,2.38,2026-04-30T17:41:32.307679Z
115,1,27.1,0,3,3,2.59,2026-03-17T17:41:32.307679Z
115,2,25.8,4,2,0,2.54,2026-03-19T17:41:32.307679Z
115,3,22.9,7,1,1,2.54,2026-03-27T17:41:32.307679Z
115,4,10.3,1,7,0,2.53,2026-04-07T17:41:32.307679Z
115,5,13.1,6,2,2,2.33,2026-04-09T17:41:32.307679Z
115,6,11.9,1,2,2,2.34,2026-04-17T17:41:32.307679Z
115,7,9.3,4,2,0,2.21,2026-04-25T17:41:32.307679Z
115,8,4.0,2,5,2,2.21,2026-05-02T17:41:32.307679Z
116,1,61.1,8,1,2,3.84,2026-03-15T17:41:32.307679Z
116,2,53.7,4,6,2,3.83,2026-03-21T17:41:32.307679Z
116,3,56.4,5,4,2,3.92,2026-03-26T17:41:32.307679Z
116,4,55.9,2,3,2,3.75,2026-04-05T17:41:32.307679Z
116,5,36.1,3,7,1,3.67,2026-04-14T17:41:32.307679Z
116,6,42.7,1,3,1,3.63,2026-04-16T17:41:32.307679Z
116,7,51.6,2,3,0,3.73,2026-04-25T17:41:32.307679Z
116,8,52.1,0,0,2,3.51,2026-05-06T17:41:32.307679Z
117,1,54.8,6,1,2,3.73,2026-03-13T17:41:32.307679Z
117,2,43.6,5,2,1,3.84,2026-03-22T17:41:32.307679Z
117,3,41.2,2,3,0,3.67,2026-03-27T17:41:32.307679Z
117,4,34.3,4,2,2,3.63,2026-04-07T17:41:32.307679Z
117,5,47.8,4,5,2,3.62,2026-04-10T17:41:32.307679Z
117,6,48.5,0,2,1,3.5,2026-04-19T17:41:32.307679Z
117,7,54.1,5,2,1,3.43,2026-04-26T17:41:32.307679Z
117,8,30.5,2,4,1,3.46,2026-04-30T17:41:32.307679Z
118,1,38.1,4,4,1,3.38,2026-03-12T17:41:32.307679Z
118,2,42.0,5,2,2,3.37,2026-03-23T17:41:32.307679Z
118,3,36.0,6,2,1,3.27,2026-03-30T17:41:32.307679Z
118,4,22.8,4,1,3,3.36,2026-04-06T17:41:32.307679Z
118,5,26.4,2,2,0,3.19,2026-04-14T17:41:32.307679Z
118,6,17.7,6,6,1,3.28,2026-04-17T17:41:32.307679Z
118,7,19.3,5,3,1,3.26,2026-04-24T17:41:32.307679Z
118,8,14.5,5,4,2,3.16,2026-05-06T17:41:32.307679Z
119,1,58.1,1,3,2,3.84,2026-03-16T17:41:32.307679Z
119,2,46.1,4,2,4,3.77,2026-03-23T17:41:32.307679Z
119,3,58.1,5,5,0,3.76,2026-03-26T17:41:32.307679Z
119,4,53.7,4,1,3,3.69,2026-04-04T17:41:32.307679Z
119,5,44.2,1,2,4,3.66,2026-04-13T17:41:32.307679Z
119,6,33.2,3,2,2,3.65,2026-04-20T17:41:32.307679Z
119,7,47.1,1,2,0,3.52,2026-04-24T17:41:32.307679Z
119,8,45.7,0,2,1,3.57,2026-05-04T17:41:32.307679Z
120,1,29.4,2,6,2,3.4,2026-03-16T17:41:32.307679Z
120,2,27.7,3,2,1,3.39,2026-03-24T17:41:32.307679Z
120,3,9.8,6,2,3,3.43,2026-03-26T17:41:32.307679Z
120,4,13.5,3,4,1,3.35,2026-04-06T17:41:32.307679Z
120,5,14.6,4,4,0,3.32,2026-04-10T17:41:32.307679Z
120,6,13.6,1,2,2,3.22,2026-04-19T17:41:32.307679Z
120,7,15.0,4,2,0,3.2,2026-04-23T17:41:32.307679Z
120,8,15.5,3,3,0,3.06,2026-05-01T17:41:32.307679Z
121,1,27.6,6,4,1,2.89,2026-03-15T17:41:32.307679Z
121,2,16.7,1,5,2,2.9,2026-03-20T17:41:32.307679Z
121,3,15.7,6,4,4,2.86,2026-03-26T17:41:32.307679Z
121,4,16.3,4,3,1,2.65,2026-04-08T17:41:32.307679Z
121,5,8.8,4,4,2,2.71,2026-04-14T17:41:32.307679Z
121,6,1.8,4,4,2,2.54,2026-04-22T17:41:32.307679Z
121,7,2.9,3,4,1,2.53,2026-04-28T17:41:32.307679Z
121,8,10.6,4,3,1,2.45,2026-04-30T17:41:32.307679Z
122,1,24.7,4,4,2,3.84,2026-03-13T17:41:32.307679Z
122,2,28.2,4,1,1,3.81,2026-03-24T17:41:32.307679Z
122,3,22.0,3,5,1,3.81,2026-03-28T17:41:32.307679Z
122,4,16.5,6,3,2,3.87,2026-04-03T17:41:32.307679Z
122,5,6.8,5,4,2,3.8,2026-04-09T17:41:32.307679Z
122,6,16.2,0,2,2,3.78,2026-04-17T17:41:32.307679Z
122,7,1.0,0,3,3,3.66,2026-04-24T17:41:32.307679Z
122,8,1.0,2,3,3,3.58,2026-05-04T17:41:32.307679Z
123,1,35.5,4,1,2,3.25,2026-03-12T17:41:32.307679Z
123,2,33.3,1,3,1,3.27,2026-03-20T17:41:32.307679Z
123,3,24.2,2,5,3,3.16,2026-03-27T17:41:32.307679Z
123,4,25.2,1,4,1,3.1,2026-04-03T17:41:32.307679Z
123,5,34.7,6,2,1,3.2,2026-04-11T17:41:32.307679Z
123,6,34.1,3,1,1,3.07,2026-04-17T17:41:32.307679Z
123,7,37.3,3,3,0,2.93,2026-04-24T17:41:32.307679Z
123,8,16.4,1,0,1,2.95,2026-05-05T17:41:32.307679Z
124,1,31.4,7,5,3,3.67,2026-03-12T17:41:32.307679Z
124,2,30.4,5,4,1,3.66,2026-03-21T17:41:32.307679Z
124,3,22.5,3,1,3,3.58,2026-03-27T17:41:32.307679Z
124,4,19.1,8,4,2,3.59,2026-04-06T17:41:32.307679Z
124,5,14.7,2,1,1,3.45,2026-04-09T17:41:32.307679Z
124,6,10.9,1,3,2,3.34,2026-04-20T17:41:32.307679Z
124,7,3.8,3,3,2,3.27,2026-04-25T17:41:32.307679Z
124,8,22.6,3,4,1,3.24,2026-05-04T17:41:32.307679Z
125,1,38.0,3,6,2,3.3,2026-03-15T17:41:32.307679Z
125,2,37.7,4,1,2,3.22,2026-03-24T17:41:32.307679Z
125,3,40.5,4,2,2,3.26,2026-03-29T17:41:32.307679Z
125,4,37.7,3,3,2,3.23,2026-04-02T17:41:32.307679Z
125,5,17.3,2,0,2,3.2,2026-04-10T17:41:32.307679Z
125,6,12.8,0,5,1,3.1,2026-04-22T17:41:32.307679Z
125,7,33.2,2,4,2,3.12,2026-04-29T17:41:32.307679Z
125,8,11.3,1,5,1,3.09,2026-05-04T17:41:32.307679Z
126,1,41.5,6,1,3,3.16,2026-03-12T17:41:32.307679Z
126,2,39.1,4,2,2,3.21,2026-03-21T17:41:32.307679Z
126,3,40.8,4,1,1,3.22,2026-03-31T17:41:32.307679Z
126,4,32.9,4,4,1,3.07,2026-04-04T17:41:32.307679Z
126,5,39.1,4,2,0,3.14,2026-04-11T17:41:32.307679Z
126,6,41.7,6,0,2,3.09,2026-04-16T17:41:32.307679Z
126,7,24.2,3,1,2,3.02,2026-04-25T17:41:32.307679Z
126,8,30.0,2,3,1,2.97,2026-05-05T17:41:32.307679Z
127,1,27.7,4,3,1,3.28,2026-03-18T17:41:32.307679Z
127,2,20.2,0,4,2,3.17,2026-03-20T17:41:32.307679Z
127,3,15.1,4,3,2,3.13,2026-03-28T17:41:32.307679Z
127,4,18.4,5,3,1,3.11,2026-04-08T17:41:32.307679Z
127,5,13.2,7,4,3,2.95,2026-04-14T17:41:32.307679Z
127,6,14.9,2,2,2,3.02,2026-04-19T17:41:32.307679Z
127,7,1.0,2,1,2,2.98,2026-04-25T17:41:32.307679Z
127,8,1.0,2,4,4,2.85,2026-05-04T17:41:32.307679Z
128,1,46.1,4,1,3,2.76,2026-03-12T17:41:32.307679Z
128,2,44.0,4,4,3,2.76,2026-03-24T17:41:32.307679Z
128,3,41.0,3,3,1,2.71,2026-03-26T17:41:32.307679Z
128,4,35.0,4,2,3,2.69,2026-04-08T17:41:32.307679Z
128,5,28.3,2,1,3,2.48,2026-04-14T17:41:32.307679Z
128,6,27.8,4,2,2,2.58,2026-04-21T17:41:32.307679Z
128,7,21.9,3,2,2,2.51,2026-04-28T17:41:32.307679Z
128,8,31.6,1,1,2,2.46,2026-05-03T17:41:32.307679Z
129,1,37.7,3,3,0,3.62,2026-03-18T17:41:32.307679Z
129,2,38.8,3,1,0,3.69,2026-03-25T17:41:32.307679Z
129,3,35.6,4,2,4,3.47,2026-03-31T17:41:32.307679Z
129,4,31.7,4,4,2,3.51,2026-04-02T17:41:32.307679Z
129,5,28.4,4,5,1,3.52,2026-04-09T17:41:32.307679Z
129,6,33.3,3,0,2,3.43,2026-04-22T17:41:32.307679Z
129,7,9.3,2,3,1,3.3,2026-04-29T17:41:32.307679Z
129,8,7.1,6,2,1,3.38,2026-04-30T17:41:32.307679Z
130,1,23.8,6,1,0,2.83,2026-03-13T17:41:32.307679Z
130,2,16.2,9,1,1,2.59,2026-03-23T17:41:32.307679Z
130,3,19.9,1,4,1,2.56,2026-03-27T17:41:32.307679Z
130,4,21.8,5,0,1,2.64,2026-04-08T17:41:32.307679Z
130,5,6.5,4,2,1,2.44,2026-04-09T17:41:32.307679Z
130,6,2.7,4,5,2,2.56,2026-04-16T17:41:32.307679Z
130,7,1.0,2,0,0,2.37,2026-04-28T17:41:32.307679Z
130,8,1.0,0,1,1,2.44,2026-05-06T17:41:32.307679Z
131,1,31.0,5,3,3,2.81,2026-03-16T17:41:32.307679Z
131,2,30.8,4,2,2,2.76,2026-03-25T17:41:32.307679Z
131,3,34.2,2,4,2,2.88,2026-03-26T17:41:32.307679Z
131,4,30.5,4,4,1,2.73,2026-04-03T17:41:32.307679Z
131,5,25.9,4,4,1,2.79,2026-04-11T17:41:32.307679Z
131,6,21.7,3,2,1,2.69,2026-04-16T17:41:32.307679Z
131,7,23.5,5,3,3,2.51,2026-04-24T17:41:32.307679Z
131,8,30.3,6,4,2,2.47,2026-05-02T17:41:32.307679Z
132,1,39.8,4,5,0,3.91,2026-03-13T17:41:32.307679Z
132,2,34.7,4,4,0,3.97,2026-03-19T17:41:32.307679Z
132,3,34.9,3,5,3,3.91,2026-03-29T17:41:32.307679Z
132,4,26.2,3,2,2,3.76,2026-04-03T17:41:32.307679Z
132,5,24.4,3,2,2,3.73,2026-04-13T17:41:32.307679Z
132,6,28.0,3,5,0,3.69,2026-04-19T17:41:32.307679Z
132,7,35.0,1,5,1,3.66,2026-04-25T17:41:32.307679Z
132,8,31.3,3,5,2,3.62,2026-05-01T17:41:32.307679Z
133,1,39.2,2,4,1,3.65,2026-03-16T17:41:32.307679Z
133,2,36.0,4,2,0,3.67,2026-03-24T17:41:32.307679Z
133,3,27.7,3,3,2,3.69,2026-03-29T17:41:32.307679Z
133,4,36.0,1,1,1,3.49,2026-04-02T17:41:32.307679Z
133,5,33.2,7,0,2,3.56,2026-04-12T17:41:32.307679Z
133,6,37.8,2,1,1,3.35,2026-04-19T17:41:32.307679Z
133,7,38.2,2,1,2,3.4,2026-04-25T17:41:32.307679Z
133,8,13.3,0,1,4,3.34,2026-05-05T17:41:32.307679Z
134,1,59.9,5,3,2,2.65,2026-03-17T17:41:32.307679Z
134,2,51.6,4,5,2,2.69,2026-03-25T17:41:32.307679Z
134,3,52.7,8,1,1,2.5,2026-03-28T17:41:32.307679Z
134,4,55.6,7,0,0,2.49,2026-04-03T17:41:32.307679Z
134,5,37.3,5,3,2,2.55,2026-04-12T17:41:32.307679Z
134,6,41.3,5,1,1,2.43,2026-04-19T17:41:32.307679Z
134,7,21.8,3,1,1,2.3,2026-04-27T17:41:32.307679Z
134,8,21.0,4,1,0,2.37,2026-04-30T17:41:32.307679Z
135,1,56.0,5,2,2,2.61,2026-03-16T17:41:32.307679Z
135,2,53.9,5,5,1,2.57,2026-03-25T17:41:32.307679Z
135,3,57.0,4,4,3,2.49,2026-04-01T17:41:32.307679Z
135,4,47.4,3,0,2,2.53,2026-04-06T17:41:32.307679Z
135,5,39.8,6,1,2,2.33,2026-04-09T17:41:32.307679Z
135,6,44.9,7,2,2,2.35,2026-04-18T17:41:32.307679Z
135,7,39.8,0,2,2,2.21,2026-04-28T17:41:32.307679Z
135,8,47.1,3,3,2,2.18,2026-05-02T17:41:32.307679Z
136,1,43.0,1,0,2,3.15,2026-03-14T17:41:32.307679Z
136,2,40.1,5,2,4,3.23,2026-03-22T17:41:32.307679Z
136,3,32.5,3,0,1,3.2,2026-03-28T17:41:32.307679Z
136,4,31.8,5,2,2,3.03,2026-04-07T17:41:32.307679Z
136,5,28.6,5,1,2,2.97,2026-04-11T17:41:32.307679Z
136,6,10.6,6,4,2,2.96,2026-04-17T17:41:32.307679Z
136,7,9.9,4,5,2,2.94,2026-04-23T17:41:32.307679Z
136,8,18.1,3,5,3,2.9,2026-05-02T17:41:32.307679Z
137,1,49.9,6,3,1,3.33,2026-03-16T17:41:32.307679Z
137,2,51.7,2,2,2,3.21,2026-03-24T17:41:32.307679Z
137,3,49.6,2,0,2,3.14,2026-03-30T17:41:32.307679Z
137,4,35.5,2,5,1,3.17,2026-04-03T17:41:32.307679Z
137,5,40.2,1,1,1,3.01,2026-04-12T17:41:32.307679Z
137,6,38.9,4,4,0,3.12,2026-04-19T17:41:32.307679Z
137,7,21.6,5,5,1,3.01,2026-04-25T17:41:32.307679Z
137,8,35.8,4,1,1,2.96,2026-05-03T17:41:32.307679Z
138,1,50.3,5,3,2,3.39,2026-03-16T17:41:32.307679Z
138,2,47.3,4,2,1,3.26,2026-03-25T17:41:32.307679Z
138,3,47.8,5,5,2,3.15,2026-03-28T17:41:32.307679Z
138,4,34.9,5,2,2,3.16,2026-04-08T17:41:32.307679Z
138,5,44.4,0,1,1,3.2,2026-04-12T17:41:32.307679Z
138,6,30.1,2,3,3,3.07,2026-04-22T17:41:32.307679Z
138,7,26.2,0,4,3,3.07,2026-04-24T17:41:32.307679Z
138,8,29.9,0,2,3,3.04,2026-05-01T17:41:32.307679Z
139,1,28.1,3,6,1,3.18,2026-03-18T17:41:32.307679Z
139,2,23.8,5,1,2,3.16,2026-03-24T17:41:32.307679Z
139,3,24.3,0,3,0,2.93,2026-04-01T17:41:32.307679Z
139,4,25.0,5,2,1,2.92,2026-04-06T17:41:32.307679Z
139,5,22.3,7,1,3,2.85,2026-04-14T17:41:32.307679Z
139,6,32.9,4,4,1,2.79,2026-04-16T17:41:32.307679Z
139,7,25.1,5,4,2,2.86,2026-04-29T17:41:32.307679Z
139,8,29.8,0,1,0,2.69,2026-05-01T17:41:32.307679Z
140,1,37.0,7,1,2,3.39,2026-03-12T17:41:32.307679Z
140,2,37.1,7,3,2,3.22,2026-03-19T17:41:32.307679Z
140,3,31.9,4,3,1,3.33,2026-03-28T17:41:32.307679Z
140,4,38.2,4,4,0,3.2,2026-04-08T17:41:32.307679Z
140,5,25.3,3,2,2,3.07,2026-04-14T17:41:32.307679Z
140,6,17.6,3,2,0,3.09,2026-04-18T17:41:32.307679Z
140,7,26.2,1,2,1,3.1,2026-04-26T17:41:32.307679Z
140,8,22.4,4,4,2,3.01,2026-04-30T17:41:32.307679Z
141,1,44.8,0,4,1,2.63,2026-03-15T17:41:32.307679Z
141,2,46.4,5,1,3,2.5,2026-03-21T17:41:32.307679Z
141,3,32.6,3,2,2,2.46,2026-03-29T17:41:32.307679Z
141,4,33.2,6,2,3,2.36,2026-04-05T17:41:32.307679Z
141,5,45.0,0,3,1,2.39,2026-04-13T17:41:32.307679Z
141,6,20.2,2,3,2,2.39,2026-04-18T17:41:32.307679Z
141,7,25.5,3,3,1,2.28,2026-04-26T17:41:32.307679Z
141,8,3.7,1,3,0,2.26,2026-05-05T17:41:32.307679Z
142,1,54.1,0,5,2,2.61,2026-03-12T17:41:32.307679Z
142,2,42.5,4,3,0,2.68,2026-03-20T17:41:32.307679Z
142,3,50.0,0,6,1,2.51,2026-03-29T17:41:32.307679Z
142,4,36.9,3,2,0,2.51,2026-04-08T17:41:32.307679Z
142,5,48.0,1,1,2,2.54,2026-04-11T17:41:32.307679Z
142,6,29.3,6,3,1,2.44,2026-04-21T17:41:32.307679Z
142,7,28.7,4,1,1,2.38,2026-04-27T17:41:32.307679Z
142,8,19.0,3,1,2,2.38,2026-05-04T17:41:32.307679Z
143,1,19.3,5,5,1,3.76,2026-03-18T17:41:32.307679Z
143,2,23.7,5,5,2,3.72,2026-03-19T17:41:32.307679Z
143,3,14.1,1,2,1,3.58,2026-03-26T17:41:32.307679Z
143,4,17.0,6,5,1,3.43,2026-04-05T17:41:32.307679Z
143,5,15.2,3,2,0,3.56,2026-04-14T17:41:32.307679Z
143,6,1.0,2,0,2,3.44,2026-04-20T17:41:32.307679Z
143,7,1.0,8,3,3,3.4,2026-04-23T17:41:32.307679Z
143,8,1.0,2,4,3,3.24,2026-05-03T17:41:32.307679Z
144,1,38.3,8,0,2,3.53,2026-03-18T17:41:32.307679Z
144,2,40.2,4,1,3,3.33,2026-03-22T17:41:32.307679Z
144,3,42.3,3,1,1,3.36,2026-03-30T17:41:32.307679Z
144,4,21.3,4,3,3,3.24,2026-04-03T17:41:32.307679Z
144,5,33.2,0,4,2,3.18,2026-04-15T17:41:32.307679Z
144,6,42.1,1,3,1,3.15,2026-04-17T17:41:32.307679Z
144,7,28.3,0,1,2,3.16,2026-04-28T17:41:32.307679Z
144,8,30.9,2,2,3,3.12,2026-05-05T17:41:32.307679Z
145,1,52.0,4,4,0,3.8,2026-03-14T17:41:32.307679Z
145,2,51.0,3,4,2,3.78,2026-03-23T17:41:32.307679Z
145,3,42.5,7,1,1,3.76,2026-03-26T17:41:32.307679Z
145,4,49.0,3,5,4,3.74,2026-04-07T17:41:32.307679Z
145,5,38.7,7,3,1,3.61,2026-04-09T17:41:32.307679Z
145,6,54.3,6,2,2,3.57,2026-04-19T17:41:32.307679Z
145,7,48.0,4,4,2,3.55,2026-04-25T17:41:32.307679Z
145,8,17.3,3,3,1,3.56,2026-05-02T17:41:32.307679Z
146,1,50.8,6,1,0,3.43,2026-03-12T17:41:32.307679Z
146,2,48.1,6,6,1,3.29,2026-03-23T17:41:32.307679Z
146,3,47.6,2,2,2,3.34,2026-03-27T17:41:32.307679Z
146,4,45.2,5,4,0,3.15,2026-04-03T17:41:32.307679Z
146,5,31.9,3,2,1,3.14,2026-04-14T17:41:32.307679Z
146,6,29.2,5,4,2,3.1,2026-04-18T17:41:32.307679Z
146,7,21.3,3,3,2,3.11,2026-04-27T17:41:32.307679Z
146,8,38.8,3,4,1,3.06,2026-05-02T17:41:32.307679Z
147,1,61.0,4,4,2,3.23,2026-03-17T17:41:32.307679Z
147,2,54.0,5,5,2,3.18,2026-03-23T17:41:32.307679Z
147,3,54.9,5,6,4,2.96,2026-04-01T17:41:32.307679Z
147,4,41.2,3,2,0,2.98,2026-04-02T17:41:32.307679Z
147,5,42.1,4,3,0,3.0,2026-04-09T17:41:32.307679Z
147,6,42.6,1,3,2,2.97,2026-04-18T17:41:32.307679Z
147,7,27.0,0,5,1,2.83,2026-04-25T17:41:32.307679Z
147,8,23.2,3,5,2,2.87,2026-05-04T17:41:32.307679Z
148,1,50.8,6,2,0,3.54,2026-03-18T17:41:32.307679Z
148,2,38.4,3,6,3,3.51,2026-03-23T17:41:32.307679Z
148,3,38.0,4,1,3,3.57,2026-03-30T17:41:32.307679Z
148,4,40.4,6,1,2,3.53,2026-04-04T17:41:32.307679Z
148,5,25.1,5,0,2,3.51,2026-04-14T17:41:32.307679Z
148,6,43.7,5,4,1,3.33,2026-04-20T17:41:32.307679Z
148,7,44.5,1,3,2,3.38,2026-04-24T17:41:32.307679Z
148,8,7.2,1,4,1,3.3,2026-05-04T17:41:32.307679Z
149,1,26.2,0,5,0,2.98,2026-03-13T17:41:32.307679Z
149,2,20.3,3,3,2,2.89,2026-03-22T17:41:32.307679Z
149,3,17.8,6,3,0,2.76,2026-04-01T17:41:32.307679Z
149,4,19.8,0,2,2,2.82,2026-04-03T17:41:32.307679Z
149,5,9.5,7,1,0,2.83,2026-04-09T17:41:32.307679Z
149,6,32.4,1,6,1,2.71,2026-04-21T17:41:32.307679Z
149,7,1.0,2,3,2,2.71,2026-04-27T17:41:32.307679Z
149,8,30.8,6,1,1,2.61,2026-05-03T17:41:32.307679Z
150,1,30.6,5,1,1,2.77,2026-03-16T17:41:32.307679Z
150,2,32.8,4,1,2,2.68,2026-03-20T17:41:32.307679Z
150,3,16.8,8,1,1,2.62,2026-03-30T17:41:32.307679Z
150,4,25.6,1,3,2,2.61,2026-04-03T17:41:32.307679Z
150,5,9.5,9,0,2,2.6,2026-04-10T17:41:32.307679Z
150,6,30.5,0,2,1,2.53,2026-04-16T17:41:32.307679Z
150,7,1.0,3,2,2,2.41,2026-04-27T17:41:32.307679Z
150,8,14.4,2,4,2,2.5,2026-05-05T17:41:32.307679Z
151,1,47.6,4,5,3,3.69,2026-03-14T17:41:32.307679Z
151,2,45.9,4,3,2,3.65,2026-03-21T17:41:32.307679Z
151,3,46.2,0,2,1,3.75,2026-03-29T17:41:32.307679Z
151,4,48.5,2,2,1,3.63,2026-04-08T17:41:32.307679Z
151,5,22.5,3,2,2,3.66,2026-04-14T17:41:32.307679Z
151,6,42.1,4,2,2,3.52,2026-04-17T17:41:32.307679Z
151,7,44.9,6,2,1,3.38,2026-04-27T17:41:32.307679Z
151,8,24.7,2,5,2,3.44,2026-05-05T17:41:32.307679Z
152,1,44.9,5,4,2,3.45,2026-03-18T17:41:32.307679Z
152,2,40.6,6,1,1,3.35,2026-03-25T17:41:32.307679Z
152,3,33.4,2,3,1,3.45,2026-03-31T17:41:32.307679Z
152,4,43.3,4,2,0,3.3,2026-04-08T17:41:32.307679Z
152,5,23.6,3,2,1,3.33,2026-04-12T17:41:32.307679Z
152,6,44.2,4,2,2,3.18,2026-04-19T17:41:32.307679Z
152,7,25.7,5,3,2,3.07,2026-04-26T17:41:32.307679Z
152,8,26.9,5,3,2,3.13,2026-05-04T17:41:32.307679Z
153,1,48.9,6,3,2,2.66,2026-03-18T17:41:32.307679Z
153,2,42.7,2,1,1,2.58,2026-03-20T17:41:32.307679Z
153,3,33.3,4,1,2,2.58,2026-03-30T17:41:32.307679Z
153,4,35.6,5,3,2,2.63,2026-04-02T17:41:32.307679Z
153,5,35.3,5,3,3,2.53,2026-04-09T17:41:32.307679Z
153,6,32.5,3,3,0,2.37,2026-04-21T17:41:32.307679Z
153,7,16.5,5,3,1,2.3,2026-04-28T17:41:32.307679Z
153,8,10.6,0,4,3,2.4,2026-05-01T17:41:32.307679Z
154,1,52.5,4,1,1,3.88,2026-03-16T17:41:32.307679Z
154,2,48.3,4,6,3,3.75,2026-03-22T17:41:32.307679Z
154,3,51.9,2,2,3,3.78,2026-04-01T17:41:32.307679Z
154,4,39.5,3,3,4,3.62,2026-04-03T17:41:32.307679Z
154,5,42.3,5,3,2,3.51,2026-04-13T17:41:32.307679Z
154,6,51.8,5,1,2,3.47,2026-04-20T17:41:32.307679Z
154,7,23.3,5,0,3,3.47,2026-04-28T17:41:32.307679Z
154,8,35.6,3,2,3,3.42,2026-04-30T17:41:32.307679Z
155,1,30.6,0,3,2,2.81,2026-03-16T17:41:32.307679Z
155,2,30.5,6,3,2,2.8,2026-03-22T17:41:32.307679Z
155,3,24.3,3,2,2,2.64,2026-03-29T17:41:32.307679Z
155,4,23.1,7,2,1,2.74,2026-04-05T17:41:32.307679Z
155,5,19.1,2,3,3,2.62,2026-04-13T17:41:32.307679Z
155,6,4.7,2,3,2,2.6,2026-04-22T17:41:32.307679Z
155,7,10.8,1,2,0,2.6,2026-04-28T17:41:32.307679Z
155,8,1.0,3,4,3,2.46,2026-05-02T17:41:32.307679Z
156,1,41.4,4,3,1,2.69,2026-03-12T17:41:32.307679Z
156,2,33.8,2,4,2,2.75,2026-03-21T17:41:32.307679Z
156,3,33.4,3,5,2,2.59,2026-03-30T17:41:32.307679Z
156,4,27.2,2,1,1,2.52,2026-04-06T17:41:32.307679Z
156,5,35.3,3,4,3,2.54,2026-04-15T17:41:32.307679Z
156,6,25.9,5,4,0,2.57,2026-04-21T17:41:32.307679Z
156,7,7.0,2,3,2,2.34,2026-04-29T17:41:32.307679Z
156,8,7.3,0,2,2,2.29,2026-04-30T17:41:32.307679Z
157,1,25.2,3,5,2,3.77,2026-03-17T17:41:32.307679Z
157,2,20.7,6,1,1,3.74,2026-03-25T17:41:32.307679Z
157,3,19.6,3,2,2,3.6,2026-03-31T17:41:32.307679Z
157,4,13.1,5,1,1,3.53,2026-04-02T17:41:32.307679Z
157,5,8.2,4,1,0,3.59,2026-04-10T17:41:32.307679Z
157,6,10.8,4,2,1,3.45,2026-04-20T17:41:32.307679Z
157,7,19.3,1,5,3,3.31,2026-04-25T17:41:32.307679Z
157,8,21.8,1,2,2,3.4,2026-05-02T17:41:32.307679Z
158,1,26.3,4,1,1,2.52,2026-03-17T17:41:32.307679Z
158,2,28.2,3,3,1,2.44,2026-03-24T17:41:32.307679Z
158,3,31.5,5,2,0,2.4,2026-03-31T17:41:32.307679Z
158,4,16.3,5,3,1,2.51,2026-04-07T17:41:32.307679Z
158,5,11.4,5,0,1,2.47,2026-04-13T17:41:32.307679Z
158,6,8.0,6,5,2,2.32,2026-04-21T17:41:32.307679Z
158,7,2.5,4,1,1,2.27,2026-04-25T17:41:32.307679Z
158,8,7.3,2,1,2,2.3,2026-04-30T17:41:32.307679Z
159,1,32.1,5,2,2,3.42,2026-03-13T17:41:32.307679Z
159,2,24.9,4,0,0,3.34,2026-03-25T17:41:32.307679Z
159,3,33.7,0,3,2,3.28,2026-04-01T17:41:32.307679Z
159,4,31.6,3,3,2,3.23,2026-04-03T17:41:32.307679Z
159,5,26.4,0,4,1,3.24,2026-04-11T17:41:32.307679Z
159,6,9.2,4,1,2,3.06,2026-04-21T17:41:32.307679Z
159,7,16.9,2,2,3,2.97,2026-04-27T17:41:32.307679Z
159,8,25.6,2,1,3,3.05,2026-05-01T17:41:32.307679Z
160,1,36.1,4,4,2,3.9,2026-03-12T17:41:32.307679Z
160,2,31.9,6,1,2,3.87,2026-03-23T17:41:32.307679Z
160,3,30.0,7,3,0,3.75,2026-03-29T17:41:32.307679Z
160,4,23.5,1,3,1,3.77,2026-04-03T17:41:32.307679Z
160,5,19.3,7,3,0,3.74,2026-04-12T17:41:32.307679Z
160,6,16.9,4,2,0,3.7,2026-04-19T17:41:32.307679Z
160,7,27.6,5,1,2,3.64,2026-04-29T17:41:32.307679Z
160,8,23.1,1,2,1,3.54,2026-05-02T17:41:32.307679Z
161,1,52.4,8,2,2,4.04,2026-03-12T17:41:32.307679Z
161,2,56.3,6,3,0,3.83,2026-03-19T17:41:32.307679Z
161,3,44.6,5,4,2,3.84,2026-03-31T17:41:32.307679Z
161,4,52.9,7,3,1,3.79,2026-04-04T17:41:32.307679Z
161,5,53.6,2,3,1,3.74,2026-04-10T17:41:32.307679Z
161,6,28.5,3,4,3,3.62,2026-04-22T17:41:32.307679Z
161,7,41.5,1,0,0,3.62,2026-04-28T17:41:32.307679Z
161,8,25.2,1,3,3,3.65,2026-05-02T17:41:32.307679Z
162,1,35.5,4,3,2,3.16,2026-03-14T17:41:32.307679Z
162,2,30.3,7,2,1,3.16,2026-03-22T17:41:32.307679Z
162,3,26.2,4,6,2,3.16,2026-03-26T17:41:32.307679Z
162,4,21.9,5,2,1,3.17,2026-04-08T17:41:32.307679Z
162,5,11.7,5,4,1,3.08,2026-04-14T17:41:32.307679Z
162,6,25.2,3,2,2,3.03,2026-04-20T17:41:32.307679Z
162,7,9.5,0,2,1,3.05,2026-04-23T17:41:32.307679Z
162,8,6.3,0,1,1,2.94,2026-05-01T17:41:32.307679Z
163,1,17.9,2,2,2,3.92,2026-03-12T17:41:32.307679Z
163,2,19.4,3,0,3,3.91,2026-03-21T17:41:32.307679Z
163,3,16.9,4,2,1,3.81,2026-03-29T17:41:32.307679Z
163,4,15.8,5,1,1,3.68,2026-04-07T17:41:32.307679Z
163,5,7.5,2,2,2,3.8,2026-04-11T17:41:32.307679Z
163,6,1.0,5,3,3,3.74,2026-04-21T17:41:32.307679Z
163,7,1.0,4,3,3,3.67,2026-04-29T17:41:32.307679Z
163,8,1.0,3,3,1,3.66,2026-05-05T17:41:32.307679Z
164,1,34.5,4,0,3,3.19,2026-03-18T17:41:32.307679Z
164,2,28.5,6,2,3,3.12,2026-03-20T17:41:32.307679Z
164,3,19.2,3,2,2,3.04,2026-03-27T17:41:32.307679Z
164,4,28.8,3,0,0,2.99,2026-04-04T17:41:32.307679Z
164,5,29.0,4,0,1,2.96,2026-04-14T17:41:32.307679Z
164,6,19.7,5,4,2,2.76,2026-04-18T17:41:32.307679Z
164,7,7.0,1,3,0,2.8,2026-04-27T17:41:32.307679Z
164,8,30.0,1,2,2,2.74,2026-05-05T17:41:32.307679Z
165,1,38.9,2,4,1,3.3,2026-03-14T17:41:32.307679Z
165,2,41.9,4,1,1,3.3,2026-03-22T17:41:32.307679Z
165,3,27.2,3,2,1,3.3,2026-03-26T17:41:32.307679Z
165,4,24.3,5,2,0,3.12,2026-04-06T17:41:32.307679Z
165,5,37.9,4,2,2,3.11,2026-04-10T17:41:32.307679Z
165,6,16.7,9,7,1,3.06,2026-04-18T17:41:32.307679Z
165,7,12.1,1,2,1,3.08,2026-04-28T17:41:32.307679Z
165,8,6.1,3,1,1,3.02,2026-05-03T17:41:32.307679Z
166,1,46.8,6,1,3,2.98,2026-03-17T17:41:32.307679Z
166,2,53.3,4,1,2,2.97,2026-03-22T17:41:32.307679Z
166,3,43.3,4,5,1,2.84,2026-03-29T17:41:32.307679Z
166,4,31.5,4,3,3,2.77,2026-04-02T17:41:32.307679Z
166,5,22.7,0,1,1,2.67,2026-04-10T17:41:32.307679Z
166,6,38.8,5,3,3,2.72,2026-04-17T17:41:32.307679Z
166,7,36.6,4,2,1,2.65,2026-04-24T17:41:32.307679Z
166,8,21.5,3,2,1,2.6,2026-05-02T17:41:32.307679Z
167,1,57.1,8,4,1,3.87,2026-03-15T17:41:32.307679Z
167,2,45.4,2,1,2,3.86,2026-03-19T17:41:32.307679Z
167,3,47.4,7,2,0,3.68,2026-04-01T17:41:32.307679Z
167,4,50.9,5,3,1,3.76,2026-04-06T17:41:32.307679Z
167,5,39.2,4,2,2,3.68,2026-04-15T17:41:32.307679Z
167,6,48.2,0,1,2,3.7,2026-04-22T17:41:32.307679Z
167,7,35.2,1,5,0,3.61,2026-04-29T17:41:32.307679Z
167,8,41.9,3,0,2,3.55,2026-05-04T17:41:32.307679Z
168,1,31.2,9,3,0,2.51,2026-03-17T17:41:32.307679Z
168,2,31.4,3,1,2,2.46,2026-03-24T17:41:32.307679Z
168,3,17.6,1,1,1,2.52,2026-03-30T17:41:32.307679Z
168,4,26.4,5,2,3,2.45,2026-04-06T17:41:32.307679Z
168,5,22.5,4,4,3,2.32,2026-04-11T17:41:32.307679Z
168,6,23.9,6,1,0,2.3,2026-04-19T17:41:32.307679Z
168,7,1.0,4,2,1,2.21,2026-04-29T17:41:32.307679Z
168,8,1.0,4,3,3,2.22,2026-05-05T17:41:32.307679Z
169,1,59.1,3,2,2,3.74,2026-03-12T17:41:32.307679Z
169,2,50.6,7,2,4,3.78,2026-03-23T17:41:32.307679Z
169,3,50.5,6,3,2,3.71,2026-03-31T17:41:32.307679Z
169,4,43.0,5,3,3,3.55,2026-04-06T17:41:32.307679Z
169,5,47.6,3,0,3,3.49,2026-04-11T17:41:32.307679Z
169,6,51.7,1,1,1,3.5,2026-04-20T17:41:32.307679Z
169,7,20.0,3,2,0,3.46,2026-04-23T17:41:32.307679Z
169,8,30.6,3,1,2,3.43,2026-05-06T17:41:32.307679Z
170,1,57.6,2,1,2,3.53,2026-03-15T17:41:32.307679Z
170,2,52.5,0,3,3,3.53,2026-03-24T17:41:32.307679Z
170,3,56.3,4,4,1,3.47,2026-04-01T17:41:32.307679Z
170,4,39.1,3,1,4,3.42,2026-04-03T17:41:32.307679Z
170,5,54.5,3,2,2,3.42,2026-04-15T17:41:32.307679Z
170,6,53.5,2,3,1,3.33,2026-04-18T17:41:32.307679Z
170,7,28.3,1,0,2,3.24,2026-04-24T17:41:32.307679Z
170,8,26.9,5,4,0,3.16,2026-05-04T17:41:32.307679Z
171,1,62.0,4,6,0,3.44,2026-03-13T17:41:32.307679Z
171,2,59.7,5,3,1,3.39,2026-03-23T17:41:32.307679Z
171,3,53.7,4,1,2,3.44,2026-03-29T17:41:32.307679Z
171,4,40.6,3,2,1,3.37,2026-04-04T17:41:32.307679Z
171,5,34.5,2,3,0,3.34,2026-04-13T17:41:32.307679Z
171,6,47.7,2,3,2,3.2,2026-04-19T17:41:32.307679Z
171,7,26.3,7,1,2,3.27,2026-04-28T17:41:32.307679Z
171,8,36.6,0,1,1,3.05,2026-05-05T17:41:32.307679Z
172,1,31.6,0,3,4,3.35,2026-03-18T17:41:32.307679Z
172,2,29.3,7,2,2,3.17,2026-03-20T17:41:32.307679Z
172,3,30.2,3,1,2,3.13,2026-04-01T17:41:32.307679Z
172,4,35.3,1,2,1,3.23,2026-04-08T17:41:32.307679Z
172,5,26.9,4,4,1,3.14,2026-04-14T17:41:32.307679Z
172,6,27.0,3,3,1,3.09,2026-04-19T17:41:32.307679Z
172,7,19.3,5,3,3,2.91,2026-04-26T17:41:32.307679Z
172,8,1.0,1,3,1,2.96,2026-05-02T17:41:32.307679Z
173,1,43.6,8,2,0,3.52,2026-03-12T17:41:32.307679Z
173,2,39.2,3,2,1,3.32,2026-03-24T17:41:32.307679Z
173,3,35.6,0,3,1,3.27,2026-03-31T17:41:32.307679Z
173,4,32.2,1,3,0,3.39,2026-04-02T17:41:32.307679Z
173,5,31.3,2,1,2,3.18,2026-04-15T17:41:32.307679Z
173,6,38.1,3,2,2,3.23,2026-04-22T17:41:32.307679Z
173,7,17.7,5,1,1,3.08,2026-04-25T17:41:32.307679Z
173,8,30.6,2,0,0,3.16,2026-05-04T17:41:32.307679Z
174,1,38.2,4,2,3,2.55,2026-03-13T17:41:32.307679Z
174,2,24.6,9,5,0,2.48,2026-03-22T17:41:32.307679Z
174,3,37.3,5,2,3,2.44,2026-04-01T17:41:32.307679Z
174,4,30.2,4,3,2,2.54,2026-04-07T17:41:32.307679Z
174,5,18.2,4,6,1,2.5,2026-04-12T17:41:32.307679Z
174,6,33.1,1,3,1,2.3,2026-04-16T17:41:32.307679Z
174,7,1.0,1,4,2,2.28,2026-04-25T17:41:32.307679Z
174,8,1.0,2,3,1,2.35,2026-04-30T17:41:32.307679Z
175,1,41.2,8,2,2,3.78,2026-03-13T17:41:32.307679Z
175,2,38.9,4,4,3,3.72,2026-03-19T17:41:32.307679Z
175,3,36.0,4,1,0,3.6,2026-03-27T17:41:32.307679Z
175,4,33.8,1,2,0,3.5,2026-04-02T17:41:32.307679Z
175,5,22.4,4,4,0,3.54,2026-04-09T17:41:32.307679Z
175,6,20.8,6,3,1,3.54,2026-04-19T17:41:32.307679Z
175,7,43.1,1,1,2,3.49,2026-04-23T17:41:32.307679Z
175,8,24.0,3,4,1,3.35,2026-05-04T17:41:32.307679Z
176,1,32.6,0,3,1,3.79,2026-03-16T17:41:32.307679Z
176,2,29.6,6,0,2,3.75,2026-03-20T17:41:32.307679Z
176,3,31.3,5,2,2,3.67,2026-03-30T17:41:32.307679Z
176,4,33.0,4,3,3,3.6,2026-04-05T17:41:32.307679Z
176,5,21.8,0,1,2,3.57,2026-04-14T17:41:32.307679Z
176,6,35.6,2,4,0,3.6,2026-04-21T17:41:32.307679Z
176,7,32.9,3,3,3,3.42,2026-04-25T17:41:32.307679Z
176,8,36.9,3,3,1,3.51,2026-05-04T17:41:32.307679Z
177,1,33.9,1,3,1,3.96,2026-03-13T17:41:32.307679Z
177,2,37.8,2,1,2,3.97,2026-03-24T17:41:32.307679Z
177,3,28.6,4,5,1,3.9,2026-03-26T17:41:32.307679Z
177,4,31.7,4,4,2,3.8,2026-04-08T17:41:32.307679Z
177,5,27.4,0,1,4,3.73,2026-04-15T17:41:32.307679Z
177,6,13.0,2,3,3,3.68,2026-04-16T17:41:32.307679Z
177,7,31.5,0,2,0,3.6,2026-04-27T17:41:32.307679Z
177,8,18.3,1,4,1,3.61,2026-04-30T17:41:32.307679Z
178,1,44.5,7,1,0,3.44,2026-03-13T17:41:32.307679Z
178,2,50.1,3,4,1,3.48,2026-03-22T17:41:32.307679Z
178,3,36.2,7,5,2,3.36,2026-03-28T17:41:32.307679Z
178,4,45.8,4,2,1,3.35,2026-04-03T17:41:32.307679Z
178,5,47.0,4,0,2,3.31,2026-04-14T17:41:32.307679Z
178,6,35.6,3,3,2,3.15,2026-04-18T17:41:32.307679Z
178,7,41.2,2,1,1,3.08,2026-04-25T17:41:32.307679Z
178,8,10.4,1,3,2,3.02,2026-05-05T17:41:32.307679Z
179,1,47.2,2,2,3,2.9,2026-03-17T17:41:32.307679Z
179,2,39.6,8,4,1,2.88,2026-03-19T17:41:32.307679Z
179,3,35.7,5,5,2,2.71,2026-03-30T17:41:32.307679Z
179,4,47.1,2,1,1,2.67,2026-04-08T17:41:32.307679Z
179,5,23.5,3,1,2,2.7,2026-04-15T17:41:32.307679Z
179,6,20.0,3,2,3,2.58,2026-04-22T17:41:32.307679Z
179,7,33.5,6,3,0,2.49,2026-04-26T17:41:32.307679Z
179,8,12.0,3,3,0,2.51,2026-05-06T17:41:32.307679Z
180,1,44.3,5,3,2,3.33,2026-03-12T17:41:32.307679Z
180,2,44.6,2,1,3,3.44,2026-03-22T17:41:32.307679Z
180,3,35.0,7,3,0,3.38,2026-03-26T17:41:32.307679Z
180,4,28.8,4,1,0,3.29,2026-04-02T17:41:32.307679Z
180,5,34.2,2,2,1,3.12,2026-04-12T17:41:32.307679Z
180,6,14.7,5,3,1,3.25,2026-04-17T17:41:32.307679Z
180,7,35.5,1,5,0,3.04,2026-04-27T17:41:32.307679Z
180,8,10.7,0,2,2,3.03,2026-05-06T17:41:32.307679Z
181,1,25.4,1,2,2,3.21,2026-03-17T17:41:32.307679Z
181,2,25.4,4,1,1,3.25,2026-03-20T17:41:32.307679Z
181,3,25.8,2,5,3,3.24,2026-03-28T17:41:32.307679Z
181,4,23.5,2,2,3,3.13,2026-04-04T17:41:32.307679Z
181,5,9.1,1,4,2,3.07,2026-04-14T17:41:32.307679Z
181,6,12.4,4,2,0,2.98,2026-04-19T17:41:32.307679Z
181,7,27.7,4,0,1,2.87,2026-04-24T17:41:32.307679Z
181,8,3.7,5,0,1,2.85,2026-05-03T17:41:32.307679Z
182,1,32.7,1,4,2,3.64,2026-03-18T17:41:32.307679Z
182,2,28.7,6,1,2,3.51,2026-03-22T17:41:32.307679Z
182,3,26.9,2,4,2,3.39,2026-04-01T17:41:32.307679Z
182,4,14.3,2,2,2,3.47,2026-04-03T17:41:32.307679Z
182,5,19.9,4,2,3,3.29,2026-04-13T17:41:32.307679Z
182,6,7.6,0,6,0,3.33,2026-04-20T17:41:32.307679Z
182,7,20.8,0,1,1,3.25,2026-04-24T17:41:32.307679Z
182,8,10.2,0,4,2,3.19,2026-05-03T17:41:32.307679Z
183,1,22.1,2,0,0,3.91,2026-03-14T17:41:32.307679Z
183,2,24.4,5,0,0,3.99,2026-03-24T17:41:32.307679Z
183,3,14.7,4,2,0,3.86,2026-03-31T17:41:32.307679Z
183,4,8.7,5,0,1,3.93,2026-04-03T17:41:32.307679Z
183,5,9.0,0,1,2,3.84,2026-04-13T17:41:32.307679Z
183,6,23.8,3,1,1,3.79,2026-04-21T17:41:32.307679Z
183,7,20.4,4,0,2,3.78,2026-04-28T17:41:32.307679Z
183,8,13.5,2,4,1,3.73,2026-05-03T17:41:32.307679Z
184,1,55.7,5,4,2,3.02,2026-03-12T17:41:32.307679Z
184,2,50.1,6,3,4,3.05,2026-03-21T17:41:32.307679Z
184,3,42.7,4,6,3,3.01,2026-03-26T17:41:32.307679Z
184,4,53.8,5,2,1,2.9,2026-04-02T17:41:32.307679Z
184,5,33.7,3,3,2,2.87,2026-04-13T17:41:32.307679Z
184,6,44.1,6,5,0,2.84,2026-04-20T17:41:32.307679Z
184,7,45.2,5,0,0,2.76,2026-04-27T17:41:32.307679Z
184,8,50.9,2,6,1,2.78,2026-05-02T17:41:32.307679Z
185,1,58.3,5,3,2,2.68,2026-03-14T17:41:32.307679Z
185,2,56.1,5,1,1,2.6,2026-03-19T17:41:32.307679Z
185,3,45.0,4,3,3,2.62,2026-03-26T17:41:32.307679Z
185,4,55.1,3,5,1,2.59,2026-04-07T17:41:32.307679Z
185,5,40.2,4,2,0,2.47,2026-04-14T17:41:32.307679Z
185,6,40.4,0,2,1,2.38,2026-04-19T17:41:32.307679Z
185,7,27.8,1,1,1,2.36,2026-04-25T17:41:32.307679Z
185,8,34.9,4,1,4,2.37,2026-05-06T17:41:32.307679Z
186,1,44.2,8,4,1,2.52,2026-03-14T17:41:32.307679Z
186,2,43.3,2,4,2,2.47,2026-03-23T17:41:32.307679Z
186,3,50.0,6,1,1,2.46,2026-03-31T17:41:32.307679Z
186,4,43.7,3,2,2,2.38,2026-04-04T17:41:32.307679Z
186,5,42.6,4,5,4,2.32,2026-04-14T17:41:32.307679Z
186,6,41.8,3,4,1,2.42,2026-04-18T17:41:32.307679Z
186,7,16.8,4,1,2,2.21,2026-04-24T17:41:32.307679Z
186,8,18.8,2,5,1,2.27,2026-05-05T17:41:32.307679Z
187,1,36.5,4,3,2,3.98,2026-03-13T17:41:32.307679Z
187,2,27.4,2,1,1,3.84,2026-03-24T17:41:32.307679Z
187,3,19.5,4,2,2,3.87,2026-03-26T17:41:32.307679Z
187,4,27.4,4,4,1,3.8,2026-04-07T17:41:32.307679Z
187,5,23.2,3,4,2,3.77,2026-04-10T17:41:32.307679Z
187,6,4.4,4,2,2,3.76,2026-04-19T17:41:32.307679Z
187,7,11.3,5,3,3,3.52,2026-04-26T17:41:32.307679Z
187,8,5.9,4,4,3,3.47,2026-05-04T17:41:32.307679Z
188,1,48.9,0,1,0,2.87,2026-03-14T17:41:32.307679Z
188,2,51.9,8,4,2,2.82,2026-03-23T17:41:32.307679Z
188,3,46.7,5,5,0,2.6,2026-03-27T17:41:32.307679Z
188,4,37.7,5,4,3,2.6,2026-04-02T17:41:32.307679Z
188,5,33.3,1,2,3,2.56,2026-04-10T17:41:32.307679Z
188,6,25.5,7,3,2,2.45,2026-04-19T17:41:32.307679Z
188,7,19.2,3,5,1,2.51,2026-04-26T17:41:32.307679Z
188,8,12.8,2,2,3,2.42,2026-05-05T17:41:32.307679Z
189,1,34.3,3,1,2,3.31,2026-03-13T17:41:32.307679Z
189,2,30.0,3,4,4,3.29,2026-03-20T17:41:32.307679Z
189,3,20.3,4,2,0,3.14,2026-03-27T17:41:32.307679Z
189,4,8.0,4,2,1,3.07,2026-04-05T17:41:32.307679Z
189,5,18.0,5,2,1,2.96,2026-04-13T17:41:32.307679Z
189,6,20.5,6,3,2,3.06,2026-04-21T17:41:32.307679Z
189,7,1.0,0,3,2,2.9,2026-04-26T17:41:32.307679Z
189,8,19.7,1,2,1,2.95,2026-05-06T17:41:32.307679Z
190,1,53.2,7,1,2,3.21,2026-03-12T17:41:32.307679Z
190,2,49.5,3,2,1,3.12,2026-03-23T17:41:32.307679Z
190,3,47.0,1,1,2,2.97,2026-03-31T17:41:32.307679Z
190,4,56.8,5,1,4,2.99,2026-04-07T17:41:32.307679Z
190,5,35.1,4,3,4,2.99,2026-04-11T17:41:32.307679Z
190,6,27.4,4,3,1,2.8,2026-04-17T17:41:32.307679Z
190,7,39.4,1,2,2,2.79,2026-04-24T17:41:32.307679Z
190,8,38.7,1,0,1,2.7,2026-05-03T17:41:32.307679Z
191,1,25.4,2,1,1,3.82,2026-03-12T17:41:32.307679Z
191,2,17.2,8,0,2,3.74,2026-03-22T17:41:32.307679Z
191,3,18.8,4,1,2,3.75,2026-03-30T17:41:32.307679Z
191,4,25.4,3,6,1,3.73,2026-04-04T17:41:32.307679Z
191,5,4.9,4,3,1,3.6,2026-04-15T17:41:32.307679Z
191,6,1.0,5,2,1,3.67,2026-04-22T17:41:32.307679Z
191,7,22.8,3,2,2,3.5,2026-04-29T17:41:32.307679Z
191,8,14.3,1,6,1,3.42,2026-05-02T17:41:32.307679Z
192,1,54.3,2,3,3,2.63,2026-03-15T17:41:32.307679Z
192,2,50.6,5,5,2,2.61,2026-03-19T17:41:32.307679Z
192,3,42.6,1,5,1,2.51,2026-03-31T17:41:32.307679Z
192,4,48.1,4,0,1,2.41,2026-04-07T17:41:32.307679Z
192,5,52.5,3,1,1,2.46,2026-04-14T17:41:32.307679Z
192,6,55.4,3,2,3,2.25,2026-04-22T17:41:32.307679Z
192,7,54.2,3,3,3,2.23,2026-04-23T17:41:32.307679Z
192,8,15.1,3,5,2,2.3,2026-05-04T17:41:32.307679Z
193,1,27.5,3,2,1,3.29,2026-03-13T17:41:32.307679Z
193,2,24.1,2,3,2,3.41,2026-03-19T17:41:32.307679Z
193,3,19.5,5,5,0,3.21,2026-04-01T17:41:32.307679Z
193,4,24.1,5,2,1,3.18,2026-04-07T17:41:32.307679Z
193,5,12.2,1,3,4,3.13,2026-04-13T17:41:32.307679Z
193,6,2.4,6,4,3,3.06,2026-04-22T17:41:32.307679Z
193,7,16.2,4,4,0,3.08,2026-04-25T17:41:32.307679Z
193,8,11.2,1,2,2,2.93,2026-05-05T17:41:32.307679Z
194,1,25.7,3,5,0,3.55,2026-03-18T17:41:32.307679Z
194,2,24.1,2,5,1,3.55,2026-03-25T17:41:32.307679Z
194,3,17.7,3,0,2,3.6,2026-03-29T17:41:32.307679Z
194,4,26.7,4,2,2,3.48,2026-04-06T17:41:32.307679Z
194,5,3.0,3,2,1,3.42,2026-04-15T17:41:32.307679Z
194,6,9.4,5,0,2,3.37,2026-04-17T17:41:32.307679Z
194,7,2.4,7,2,2,3.41,2026-04-24T17:41:32.307679Z
194,8,8.4,0,3,0,3.22,2026-05-04T17:41:32.307679Z
195,1,57.6,4,3,1,2.89,2026-03-18T17:41:32.307679Z
195,2,51.8,4,0,2,2.76,2026-03-25T17:41:32.307679Z
195,3,60.6,9,4,2,2.72,2026-03-28T17:41:32.307679Z
195,4,55.5,4,1,2,2.67,2026-04-04T17:41:32.307679Z
195,5,41.1,2,4,0,2.63,2026-04-11T17:41:32.307679Z
195,6,39.2,1,3,1,2.67,2026-04-16T17:41:32.307679Z
195,7,55.9,3,6,1,2.61,2026-04-28T17:41:32.307679Z
195,8,24.1,0,3,0,2.49,2026-05-02T17:41:32.307679Z
196,1,50.7,1,1,1,3.92,2026-03-13T17:41:32.307679Z
196,2,44.7,2,4,2,3.72,2026-03-25T17:41:32.307679Z
196,3,44.4,2,2,3,3.8,2026-03-26T17:41:32.307679Z
196,4,42.6,1,3,1,3.63,2026-04-08T17:41:32.307679Z
196,5,29.0,3,3,1,3.67,2026-04-15T17:41:32.307679Z
196,6,38.0,5,5,1,3.61,2026-04-22T17:41:32.307679Z
196,7,15.6,5,2,1,3.63,2026-04-27T17:41:32.307679Z
196,8,12.2,3,3,0,3.57,2026-04-30T17:41:32.307679Z
197,1,27.2,3,1,0,2.9,2026-03-15T17:41:32.307679Z
197,2,28.7,7,0,1,2.68,2026-03-21T17:41:32.307679Z
197,3,23.4,3,2,1,2.61,2026-03-26T17:41:32.307679Z
197,4,16.8,3,2,2,2.7,2026-04-06T17:41:32.307679Z
197,5,30.7,3,3,0,2.64,2026-04-11T17:41:32.307679Z
197,6,15.6,1,3,1,2.6,2026-04-17T17:41:32.307679Z
197,7,18.3,3,3,2,2.42,2026-04-25T17:41:32.307679Z
197,8,1.0,5,0,2,2.45,2026-05-04T17:41:32.307679Z
198,1,24.4,4,2,2,3.18,2026-03-18T17:41:32.307679Z
198,2,18.3,5,1,0,2.99,2026-03-25T17:41:32.307679Z
198,3,13.9,7,3,4,2.95,2026-03-28T17:41:32.307679Z
198,4,19.2,2,2,1,3.03,2026-04-05T17:41:32.307679Z
198,5,24.1,3,3,2,2.87,2026-04-12T17:41:32.307679Z
198,6,24.3,4,1,1,2.95,2026-04-17T17:41:32.307679Z
198,7,4.7,6,3,1,2.8,2026-04-26T17:41:32.307679Z
198,8,12.8,1,1,1,2.74,2026-05-02T17:41:32.307679Z
199,1,35.2,7,2,2,3.4,2026-03-15T17:41:32.307679Z
199,2,33.3,3,3,1,3.44,2026-03-24T17:41:32.307679Z
199,3,34.0,4,4,1,3.41,2026-03-27T17:41:32.307679Z
199,4,29.3,6,2,3,3.29,2026-04-03T17:41:32.307679Z
199,5,19.4,5,6,1,3.37,2026-04-13T17:41:32.307679Z
199,6,17.3,4,0,2,3.28,2026-04-21T17:41:32.307679Z
199,7,2.3,0,0,2,3.25,2026-04-25T17:41:32.307679Z
199,8,1.0,0,1,2,3.06,2026-04-30T17:41:32.307679Z
200,1,37.1,3,3,1,3.38,2026-03-12T17:41:32.307679Z
200,2,30.5,3,5,1,3.48,2026-03-20T17:41:32.307679Z
200,3,34.6,7,2,3,3.3,2026-03-26T17:41:32.307679Z
200,4,30.5,0,4,1,3.33,2026-04-04T17:41:32.307679Z
200,5,34.8,6,3,2,3.24,2026-04-09T17:41:32.307679Z
200,6,23.1,5,0,3,3.23,2026-04-16T17:41:32.307679Z
200,7,15.7,5,1,1,3.12,2026-04-28T17:41:32.307679Z
200,8,27.0,1,3,3,3.02,2026-05-05T17:41:32.307679Z
201,1,22.4,3,0,1,3.3,2026-03-12T17:41:32.307679Z
201,2,17.7,1,2,2,3.33,2026-03-21T17:41:32.307679Z
201,3,13.5,3,4,0,3.22,2026-03-28T17:41:32.307679Z
201,4,4.4,5,1,0,3.23,2026-04-05T17:41:32.307679Z
201,5,12.4,0,1,1,3.14,2026-04-15T17:41:32.307679Z
201,6,7.4,5,4,1,3.18,2026-04-21T17:41:32.307679Z
201,7,15.0,0,1,2,3.14,2026-04-29T17:41:32.307679Z
201,8,15.1,0,4,2,2.92,2026-05-04T17:41:32.307679Z
202,1,39.3,0,1,1,3.34,2026-03-15T17:41:32.307679Z
202,2,43.4,1,3,0,3.21,2026-03-24T17:41:32.307679Z
202,3,29.1,3,4,2,3.21,2026-03-29T17:41:32.307679Z
202,4,40.9,3,3,0,3.21,2026-04-06T17:41:32.307679Z
202,5,22.5,6,1,1,3.04,2026-04-10T17:41:32.307679Z
202,6,21.5,6,3,1,2.94,2026-04-16T17:41:32.307679Z
202,7,37.6,2,2,1,3.07,2026-04-28T17:41:32.307679Z
202,8,26.8,3,2,2,2.87,2026-05-03T17:41:32.307679Z
203,1,45.7,2,0,1,3.83,2026-03-15T17:41:32.307679Z
203,2,38.4,4,2,1,3.87,2026-03-23T17:41:32.307679Z
203,3,38.7,1,0,0,3.83,2026-03-26T17:41:32.307679Z
203,4,36.7,7,5,2,3.77,2026-04-02T17:41:32.307679Z
203,5,36.3,4,7,2,3.73,2026-04-15T17:41:32.307679Z
203,6,32.4,3,4,2,3.65,2026-04-21T17:41:32.307679Z
203,7,21.0,0,3,0,3.56,2026-04-27T17:41:32.307679Z
203,8,12.8,3,1,1,3.53,2026-05-03T17:41:32.307679Z
204,1,30.0,5,3,2,2.74,2026-03-12T17:41:32.307679Z
204,2,31.9,3,2,1,2.67,2026-03-21T17:41:32.307679Z
204,3,27.9,2,0,2,2.68,2026-03-26T17:41:32.307679Z
204,4,26.3,6,2,0,2.61,2026-04-05T17:41:32.307679Z
204,5,22.8,0,4,2,2.55,2026-04-12T17:41:32.307679Z
204,6,15.3,2,1,1,2.41,2026-04-18T17:41:32.307679Z
204,7,1.8,0,3,2,2.37,2026-04-23T17:41:32.307679Z
204,8,25.6,7,2,1,2.49,2026-05-02T17:41:32.307679Z
205,1,43.9,4,2,2,3.18,2026-03-17T17:41:32.307679Z
205,2,33.2,5,5,2,3.09,2026-03-24T17:41:32.307679Z
205,3,39.4,3,5,1,3.11,2026-03-27T17:41:32.307679Z
205,4,38.6,5,2,2,3.04,2026-04-07T17:41:32.307679Z
205,5,30.8,6,3,2,3.07,2026-04-12T17:41:32.307679Z
205,6,31.8,2,1,1,3.02,2026-04-22T17:41:32.307679Z
205,7,24.1,4,1,2,2.88,2026-04-26T17:41:32.307679Z
205,8,42.8,2,4,1,2.89,2026-05-06T17:41:32.307679Z
206,1,33.5,2,2,2,3.81,2026-03-16T17:41:32.307679Z
206,2,30.0,2,2,2,3.72,2026-03-19T17:41:32.307679Z
206,3,23.3,4,2,1,3.79,2026-03-28T17:41:32.307679Z
206,4,23.9,5,2,2,3.8,2026-04-06T17:41:32.307679Z
206,5,19.9,5,1,0,3.68,2026-04-15T17:41:32.307679Z
206,6,11.5,2,4,2,3.58,2026-04-20T17:41:32.307679Z
206,7,2.4,0,0,2,3.51,2026-04-25T17:41:32.307679Z
206,8,1.0,0,2,2,3.58,2026-05-04T17:41:32.307679Z
207,1,48.7,6,4,2,2.96,2026-03-13T17:41:32.307679Z
207,2,41.5,1,1,1,2.93,2026-03-23T17:41:32.307679Z
207,3,37.0,4,1,2,2.84,2026-03-28T17:41:32.307679Z
207,4,45.2,6,1,2,2.76,2026-04-04T17:41:32.307679Z
207,5,24.3,2,3,2,2.69,2026-04-13T17:41:32.307679Z
207,6,12.6,3,4,4,2.75,2026-04-19T17:41:32.307679Z
207,7,13.9,4,1,1,2.71,2026-04-28T17:41:32.307679Z
207,8,6.8,3,1,2,2.49,2026-05-01T17:41:32.307679Z
208,1,20.3,5,3,1,3.56,2026-03-17T17:41:32.307679Z
208,2,17.8,4,4,1,3.49,2026-03-21T17:41:32.307679Z
208,3,15.4,4,4,2,3.59,2026-03-30T17:41:32.307679Z
208,4,15.9,6,4,2,3.54,2026-04-03T17:41:32.307679Z
208,5,8.8,4,4,2,3.49,2026-04-11T17:41:32.307679Z
208,6,1.0,3,3,3,3.34,2026-04-20T17:41:32.307679Z
208,7,15.7,3,3,2,3.36,2026-04-27T17:41:32.307679Z
208,8,1.0,4,3,3,3.27,2026-05-03T17:41:32.307679Z
209,1,38.9,3,4,1,3.61,2026-03-18T17:41:32.307679Z
209,2,30.9,8,4,2,3.54,2026-03-22T17:41:32.307679Z
209,3,29.2,3,1,1,3.57,2026-03-27T17:41:32.307679Z
209,4,32.3,2,2,3,3.54,2026-04-05T17:41:32.307679Z
209,5,23.0,8,3,2,3.4,2026-04-15T17:41:32.307679Z
209,6,37.8,6,2,2,3.35,2026-04-19T17:41:32.307679Z
209,7,1.0,3,4,0,3.3,2026-04-24T17:41:32.307679Z
209,8,29.4,7,1,1,3.2,2026-04-30T17:41:32.307679Z
210,1,55.1,5,2,1,2.96,2026-03-14T17:41:32.307679Z
210,2,54.4,4,3,1,3.08,2026-03-20T17:41:32.307679Z
210,3,50.9,8,4,1,3.0,2026-04-01T17:41:32.307679Z
210,4,46.4,2,3,3,2.99,2026-04-03T17:41:32.307679Z
210,5,56.6,4,5,2,2.91,2026-04-10T17:41:32.307679Z
210,6,45.9,3,1,1,2.73,2026-04-20T17:41:32.307679Z
210,7,23.1,7,3,2,2.65,2026-04-27T17:41:32.307679Z
210,8,20.5,0,3,2,2.77,2026-05-01T17:41:32.307679Z
211,1,52.3,5,3,2,3.78,2026-03-18T17:41:32.307679Z
211,2,59.0,5,3,2,3.71,2026-03-22T17:41:32.307679Z
211,3,45.3,2,2,0,3.74,2026-03-28T17:41:32.307679Z
211,4,41.1,3,3,1,3.55,2026-04-05T17:41:32.307679Z
211,5,54.0,4,3,4,3.62,2026-04-09T17:41:32.307679Z
211,6,35.5,6,1,2,3.46,2026-04-17T17:41:32.307679Z
211,7,24.6,3,0,0,3.5,2026-04-24T17:41:32.307679Z
211,8,25.2,3,3,2,3.35,2026-05-03T17:41:32.307679Z
212,1,28.8,5,3,2,3.03,2026-03-17T17:41:32.307679Z
212,2,22.5,4,4,2,3.03,2026-03-24T17:41:32.307679Z
212,3,15.4,3,5,1,3.1,2026-04-01T17:41:32.307679Z
212,4,20.0,3,4,4,2.88,2026-04-02T17:41:32.307679Z
212,5,28.7,3,3,2,2.8,2026-04-12T17:41:32.307679Z
212,6,21.2,5,2,2,2.82,2026-04-22T17:41:32.307679Z
212,7,7.7,1,3,2,2.85,2026-04-28T17:41:32.307679Z
212,8,1.0,2,3,1,2.81,2026-05-02T17:41:32.307679Z
213,1,44.1,7,5,2,3.14,2026-03-12T17:41:32.307679Z
213,2,41.3,5,4,2,3.05,2026-03-25T17:41:32.307679Z
213,3,33.0,2,2,2,2.97,2026-04-01T17:41:32.307679Z
213,4,48.0,4,3,1,3.09,2026-04-03T17:41:32.307679Z
213,5,24.2,5,3,3,3.06,2026-04-15T17:41:32.307679Z
213,6,36.9,1,1,1,2.99,2026-04-21T17:41:32.307679Z
213,7,36.2,0,2,2,2.9,2026-04-29T17:41:32.307679Z
213,8,25.4,0,3,2,2.81,2026-05-02T17:41:32.307679Z
214,1,62.5,7,3,2,3.02,2026-03-16T17:41:32.307679Z
214,2,59.1,3,3,1,2.98,2026-03-19T17:41:32.307679Z
214,3,49.3,2,3,1,2.8,2026-03-30T17:41:32.307679Z
214,4,53.2,3,4,2,2.88,2026-04-05T17:41:32.307679Z
214,5,47.2,0,5,1,2.71,2026-04-12T17:41:32.307679Z
214,6,31.1,5,4,1,2.68,2026-04-22T17:41:32.307679Z
214,7,46.6,3,1,0,2.72,2026-04-23T17:41:32.307679Z
214,8,57.1,1,4,2,2.6,2026-04-30T17:41:32.307679Z
215,1,53.9,7,3,2,3.76,2026-03-17T17:41:32.307679Z
215,2,56.5,5,1,3,3.55,2026-03-21T17:41:32.307679Z
215,3,48.8,0,0,0,3.53,2026-03-27T17:41:32.307679Z
215,4,44.5,1,1,2,3.5,2026-04-08T17:41:32.307679Z
215,5,48.1,3,3,1,3.52,2026-04-14T17:41:32.307679Z
215,6,41.9,2,3,2,3.42,2026-04-18T17:41:32.307679Z
215,7,35.4,3,1,1,3.43,2026-04-26T17:41:32.307679Z
215,8,44.1,2,3,0,3.37,2026-05-01T17:41:32.307679Z
216,1,25.4,4,2,2,2.65,2026-03-12T17:41:32.307679Z
216,2,26.3,6,2,2,2.67,2026-03-22T17:41:32.307679Z
216,3,29.6,6,2,0,2.57,2026-03-29T17:41:32.307679Z
216,4,16.5,1,1,2,2.48,2026-04-08T17:41:32.307679Z
216,5,6.7,4,4,1,2.56,2026-04-11T17:41:32.307679Z
216,6,19.3,1,2,0,2.5,2026-04-22T17:41:32.307679Z
216,7,11.2,6,3,2,2.42,2026-04-25T17:41:32.307679Z
216,8,27.2,2,3,3,2.46,2026-05-01T17:41:32.307679Z
217,1,50.1,4,0,1,3.12,2026-03-18T17:41:32.307679Z
217,2,40.0,4,4,3,3.15,2026-03-24T17:41:32.307679Z
217,3,43.1,9,0,0,3.01,2026-03-31T17:41:32.307679Z
217,4,34.0,2,2,0,2.98,2026-04-08T17:41:32.307679Z
217,5,35.7,6,3,2,2.99,2026-04-12T17:41:32.307679Z
217,6,25.1,3,2,1,2.84,2026-04-20T17:41:32.307679Z
217,7,38.5,6,1,2,2.84,2026-04-26T17:41:32.307679Z
217,8,38.0,0,6,2,2.77,2026-05-03T17:41:32.307679Z
218,1,23.1,0,2,2,2.65,2026-03-17T17:41:32.307679Z
218,2,16.7,4,2,3,2.43,2026-03-23T17:41:32.307679Z
218,3,19.1,4,3,2,2.48,2026-03-28T17:41:32.307679Z
218,4,18.5,10,4,2,2.39,2026-04-03T17:41:32.307679Z
218,5,1.0,6,4,1,2.41,2026-04-12T17:41:32.307679Z
218,6,14.5,6,2,1,2.37,2026-04-18T17:41:32.307679Z
218,7,9.4,2,2,4,2.34,2026-04-23T17:41:32.307679Z
218,8,1.0,2,3,0,2.18,2026-05-01T17:41:32.307679Z
219,1,27.2,5,1,3,3.13,2026-03-12T17:41:32.307679Z
219,2,18.3,6,4,3,3.14,2026-03-21T17:41:32.307679Z
219,3,19.9,0,0,2,3.01,2026-03-28T17:41:32.307679Z
219,4,24.8,0,1,1,3.11,2026-04-07T17:41:32.307679Z
219,5,14.5,1,4,2,3.04,2026-04-10T17:41:32.307679Z
219,6,20.7,4,1,2,2.97,2026-04-21T17:41:32.307679Z
219,7,17.9,5,2,2,2.91,2026-04-24T17:41:32.307679Z
219,8,1.0,0,3,3,2.73,2026-05-05T17:41:32.307679Z
220,1,60.7,8,2,3,3.49,2026-03-16T17:41:32.307679Z
220,2,53.7,6,1,2,3.43,2026-03-25T17:41:32.307679Z
220,3,54.5,8,3,1,3.44,2026-03-28T17:41:32.307679Z
220,4,52.7,5,5,1,3.42,2026-04-07T17:41:32.307679Z
220,5,50.0,4,4,1,3.28,2026-04-09T17:41:32.307679Z
220,6,44.8,3,2,2,3.18,2026-04-17T17:41:32.307679Z
220,7,35.4,5,2,2,3.09,2026-04-25T17:41:32.307679Z
220,8,23.3,1,4,2,3.14,2026-04-30T17:41:32.307679Z
221,1,29.8,1,2,2,2.93,2026-03-17T17:41:32.307679Z
221,2,30.0,2,2,1,2.85,2026-03-19T17:41:32.307679Z
221,3,29.3,5,3,1,2.73,2026-03-30T17:41:32.307679Z
221,4,33.1,3,5,2,2.75,2026-04-02T17:41:32.307679Z
221,5,23.8,0,1,2,2.74,2026-04-13T17:41:32.307679Z
221,6,4.3,4,3,0,2.71,2026-04-17T17:41:32.307679Z
221,7,27.7,4,1,2,2.62,2026-04-25T17:41:32.307679Z
221,8,7.3,2,3,1,2.51,2026-05-03T17:41:32.307679Z
222,1,28.7,3,4,0,3.46,2026-03-13T17:41:32.307679Z
222,2,28.6,2,2,1,3.47,2026-03-19T17:41:32.307679Z
222,3,15.8,4,4,2,3.43,2026-03-26T17:41:32.307679Z
222,4,8.5,5,2,1,3.3,2026-04-02T17:41:32.307679Z
222,5,12.7,4,3,3,3.33,2026-04-14T17:41:32.307679Z
222,6,27.1,2,1,2,3.24,2026-04-17T17:41:32.307679Z
222,7,5.2,4,2,0,3.24,2026-04-26T17:41:32.307679Z
222,8,4.2,4,3,2,3.09,2026-05-05T17:41:32.307679Z
223,1,58.8,3,3,1,3.55,2026-03-18T17:41:32.307679Z
223,2,53.6,5,2,3,3.52,2026-03-20T17:41:32.307679Z
223,3,47.7,4,1,2,3.38,2026-03-28T17:41:32.307679Z
223,4,42.2,3,2,1,3.34,2026-04-05T17:41:32.307679Z
223,5,47.7,2,3,2,3.27,2026-04-13T17:41:32.307679Z
223,6,43.4,0,4,3,3.25,2026-04-21T17:41:32.307679Z
223,7,54.4,1,2,1,3.28,2026-04-23T17:41:32.307679Z
223,8,42.0,3,3,0,3.18,2026-05-04T17:41:32.307679Z
224,1,58.5,1,0,4,3.33,2026-03-17T17:41:32.307679Z
224,2,48.8,4,2,2,3.25,2026-03-24T17:41:32.307679Z
224,3,53.2,4,5,0,3.3,2026-03-30T17:41:32.307679Z
224,4,42.6,2,1,2,3.29,2026-04-04T17:41:32.307679Z
224,5,51.5,2,3,1,3.25,2026-04-09T17:41:32.307679Z
224,6,29.6,4,3,1,3.18,2026-04-17T17:41:32.307679Z
224,7,37.8,3,2,3,3.11,2026-04-24T17:41:32.307679Z
224,8,20.4,2,3,2,3.1,2026-05-03T17:41:32.307679Z
225,1,24.3,5,4,2,2.98,2026-03-18T17:41:32.307679Z
225,2,23.7,5,4,1,2.87,2026-03-21T17:41:32.307679Z
225,3,19.9,4,2,3,2.76,2026-03-29T17:41:32.307679Z
225,4,4.8,1,1,1,2.79,2026-04-02T17:41:32.307679Z
225,5,13.1,2,4,1,2.64,2026-04-14T17:41:32.307679Z
225,6,9.3,3,3,3,2.62,2026-04-16T17:41:32.307679Z
225,7,1.0,3,3,0,2.57,2026-04-24T17:41:32.307679Z
225,8,25.7,3,2,1,2.62,2026-05-06T17:41:32.307679Z
226,1,27.6,6,2,2,3.54,2026-03-17T17:41:32.307679Z
226,2,26.1,4,3,2,3.39,2026-03-22T17:41:32.307679Z
226,3,28.0,5,1,0,3.47,2026-03-30T17:41:32.307679Z
226,4,20.0,3,6,1,3.31,2026-04-06T17:41:32.307679Z
226,5,19.9,5,2,0,3.29,2026-04-11T17:41:32.307679Z
226,6,18.1,1,3,0,3.22,2026-04-18T17:41:32.307679Z
226,7,18.8,6,1,3,3.31,2026-04-24T17:41:32.307679Z
226,8,1.4,4,4,0,3.16,2026-05-05T17:41:32.307679Z
227,1,43.4,3,2,3,3.61,2026-03-16T17:41:32.307679Z
227,2,35.7,7,2,1,3.56,2026-03-19T17:41:32.307679Z
227,3,38.4,5,3,0,3.45,2026-04-01T17:41:32.307679Z
227,4,31.0,5,3,2,3.44,2026-04-05T17:41:32.307679Z
227,5,26.4,3,1,2,3.48,2026-04-09T17:41:32.307679Z
227,6,37.3,4,5,2,3.26,2026-04-22T17:41:32.307679Z
227,7,13.0,4,5,1,3.34,2026-04-26T17:41:32.307679Z
227,8,1.0,2,3,0,3.23,2026-05-06T17:41:32.307679Z
228,1,41.7,3,4,3,3.98,2026-03-18T17:41:32.307679Z
228,2,40.1,7,2,1,3.94,2026-03-23T17:41:32.307679Z
228,3,39.4,5,2,2,3.85,2026-04-01T17:41:32.307679Z
228,4,43.3,7,4,2,3.71,2026-04-06T17:41:32.307679Z
228,5,45.7,5,2,1,3.8,2026-04-11T17:41:32.307679Z
228,6,28.4,2,1,1,3.63,2026-04-18T17:41:32.307679Z
228,7,31.7,2,3,1,3.67,2026-04-28T17:41:32.307679Z
228,8,45.6,4,2,1,3.54,2026-05-03T17:41:32.307679Z
229,1,42.6,8,2,2,3.49,2026-03-16T17:41:32.307679Z
229,2,38.6,0,2,2,3.3,2026-03-22T17:41:32.307679Z
229,3,41.3,7,0,1,3.37,2026-04-01T17:41:32.307679Z
229,4,33.0,2,0,2,3.22,2026-04-03T17:41:32.307679Z
229,5,37.6,3,2,1,3.13,2026-04-14T17:41:32.307679Z
229,6,33.9,4,2,0,3.2,2026-04-21T17:41:32.307679Z
229,7,16.9,4,3,0,3.09,2026-04-28T17:41:32.307679Z
229,8,7.9,4,6,3,3.02,2026-05-03T17:41:32.307679Z
230,1,59.8,3,3,2,3.81,2026-03-12T17:41:32.307679Z
230,2,56.7,1,2,1,3.69,2026-03-20T17:41:32.307679Z
230,3,56.0,4,2,2,3.62,2026-03-28T17:41:32.307679Z
230,4,39.5,5,4,1,3.67,2026-04-02T17:41:32.307679Z
230,5,38.7,2,4,1,3.63,2026-04-11T17:41:32.307679Z
230,6,29.5,3,1,1,3.52,2026-04-18T17:41:32.307679Z
230,7,55.5,6,4,2,3.37,2026-04-29T17:41:32.307679Z
230,8,17.3,7,1,1,3.46,2026-04-30T17:41:32.307679Z
231,1,31.8,7,4,0,2.89,2026-03-16T17:41:32.307679Z
231,2,40.3,4,3,2,2.82,2026-03-22T17:41:32.307679Z
231,3,32.2,3,3,3,2.78,2026-03-26T17:41:32.307679Z
231,4,20.4,1,0,1,2.65,2026-04-05T17:41:32.307679Z
231,5,38.1,5,0,1,2.53,2026-04-10T17:41:32.307679Z
231,6,24.8,1,3,0,2.55,2026-04-19T17:41:32.307679Z
231,7,28.0,0,1,2,2.53,2026-04-28T17:41:32.307679Z
231,8,17.2,4,3,0,2.57,2026-05-03T17:41:32.307679Z
232,1,55.6,3,2,2,3.84,2026-03-18T17:41:32.307679Z
232,2,56.2,4,3,1,3.78,2026-03-20T17:41:32.307679Z
232,3,54.2,4,3,4,3.66,2026-04-01T17:41:32.307679Z
232,4,48.1,9,1,1,3.59,2026-04-05T17:41:32.307679Z
232,5,48.4,5,3,3,3.67,2026-04-10T17:41:32.307679Z
232,6,40.1,4,2,0,3.6,2026-04-22T17:41:32.307679Z
232,7,25.5,5,2,3,3.53,2026-04-23T17:41:32.307679Z
232,8,48.1,2,3,1,3.38,2026-05-01T17:41:32.307679Z
233,1,53.6,2,4,2,2.56,2026-03-17T17:41:32.307679Z
233,2,50.5,1,2,1,2.47,2026-03-20T17:41:32.307679Z
233,3,50.4,6,3,0,2.4,2026-03-31T17:41:32.307679Z
233,4,39.0,3,0,1,2.46,2026-04-06T17:41:32.307679Z
233,5,32.9,4,2,1,2.44,2026-04-12T17:41:32.307679Z
233,6,30.0,5,3,3,2.42,2026-04-21T17:41:32.307679Z
233,7,19.2,4,3,0,2.19,2026-04-28T17:41:32.307679Z
233,8,41.3,5,5,2,2.23,2026-05-04T17:41:32.307679Z
234,1,44.0,7,2,1,2.66,2026-03-15T17:41:32.307679Z
234,2,40.8,5,1,1,2.6,2026-03-23T17:41:32.307679Z
234,3,37.2,2,0,0,2.55,2026-03-31T17:41:32.307679Z
234,4,35.8,1,0,2,2.41,2026-04-06T17:41:32.307679Z
234,5,25.2,2,1,2,2.36,2026-04-15T17:41:32.307679Z
234,6,26.3,5,0,0,2.29,2026-04-17T17:41:32.307679Z
234,7,7.3,5,0,2,2.35,2026-04-26T17:41:32.307679Z
234,8,26.9,6,4,1,2.29,2026-05-04T17:41:32.307679Z
235,1,41.6,5,2,0,3.06,2026-03-17T17:41:32.307679Z
235,2,38.6,5,1,3,3.13,2026-03-24T17:41:32.307679Z
235,3,40.5,7,5,2,3.09,2026-04-01T17:41:32.307679Z
235,4,37.3,0,1,2,3.04,2026-04-07T17:41:32.307679Z
235,5,24.7,7,3,2,2.95,2026-04-13T17:41:32.307679Z
235,6,18.0,1,2,3,2.82,2026-04-19T17:41:32.307679Z
235,7,27.8,4,2,0,2.72,2026-04-29T17:41:32.307679Z
235,8,6.6,1,3,3,2.76,2026-05-06T17:41:32.307679Z
236,1,23.8,6,4,2,3.72,2026-03-12T17:41:32.307679Z
236,2,23.0,0,4,3,3.62,2026-03-24T17:41:32.307679Z
236,3,13.9,1,4,2,3.73,2026-04-01T17:41:32.307679Z
236,4,14.9,4,3,2,3.64,2026-04-08T17:41:32.307679Z
236,5,5.1,4,3,0,3.52,2026-04-11T17:41:32.307679Z
236,6,1.6,3,2,1,3.5,2026-04-17T17:41:32.307679Z
236,7,1.0,6,0,1,3.38,2026-04-25T17:41:32.307679Z
236,8,13.3,0,4,2,3.4,2026-05-02T17:41:32.307679Z
237,1,39.5,4,0,1,2.51,2026-03-12T17:41:32.307679Z
237,2,28.2,5,4,0,2.6,2026-03-22T17:41:32.307679Z
237,3,29.4,0,1,3,2.39,2026-03-30T17:41:32.307679Z
237,4,21.1,5,3,1,2.43,2026-04-02T17:41:32.307679Z
237,5,17.7,2,5,2,2.48,2026-04-09T17:41:32.307679Z
237,6,25.9,5,2,2,2.44,2026-04-17T17:41:32.307679Z
237,7,7.0,4,4,2,2.35,2026-04-28T17:41:32.307679Z
237,8,22.0,4,0,1,2.21,2026-05-01T17:41:32.307679Z
238,1,26.7,4,3,3,2.58,2026-03-13T17:41:32.307679Z
238,2,21.5,3,5,2,2.55,2026-03-21T17:41:32.307679Z
238,3,14.2,4,4,2,2.43,2026-03-27T17:41:32.307679Z
238,4,14.8,5,1,2,2.54,2026-04-02T17:41:32.307679Z
238,5,25.0,5,3,2,2.35,2026-04-14T17:41:32.307679Z
238,6,23.1,1,3,1,2.37,2026-04-21T17:41:32.307679Z
238,7,1.7,2,1,2,2.26,2026-04-29T17:41:32.307679Z
238,8,9.8,0,3,1,2.3,2026-05-02T17:41:32.307679Z
239,1,35.8,4,1,1,3.04,2026-03-15T17:41:32.307679Z
239,2,37.2,2,0,2,2.94,2026-03-22T17:41:32.307679Z
239,3,32.6,4,2,2,2.81,2026-03-30T17:41:32.307679Z
239,4,35.3,2,3,2,2.83,2026-04-07T17:41:32.307679Z
239,5,37.4,2,1,2,2.91,2026-04-09T17:41:32.307679Z
239,6,14.8,3,3,2,2.79,2026-04-17T17:41:32.307679Z
239,7,34.4,2,4,0,2.62,2026-04-27T17:41:32.307679Z
239,8,15.7,3,3,3,2.67,2026-05-06T17:41:32.307679Z
240,1,45.8,6,3,3,2.57,2026-03-17T17:41:32.307679Z
240,2,36.1,5,2,0,2.42,2026-03-21T17:41:32.307679Z
240,3,32.1,1,1,1,2.34,2026-03-26T17:41:32.307679Z
240,4,36.3,2,1,1,2.44,2026-04-02T17:41:32.307679Z
240,5,24.6,3,3,2,2.3,2026-04-10T17:41:32.307679Z
240,6,30.4,2,4,4,2.26,2026-04-19T17:41:32.307679Z
240,7,18.4,5,3,3,2.23,2026-04-26T17:41:32.307679Z
240,8,22.7,2,1,1,2.17,2026-05-06T17:41:32.307679Z
241,1,26.9,1,3,2,3.79,2026-03-12T17:41:32.307679Z
241,2,20.6,2,2,1,3.61,2026-03-21T17:41:32.307679Z
241,3,17.2,6,1,0,3.62,2026-03-29T17:41:32.307679Z
241,4,11.2,6,3,2,3.61,2026-04-08T17:41:32.307679Z
241,5,11.8,3,3,0,3.53,2026-04-10T17:41:32.307679Z
241,6,18.7,3,2,3,3.53,2026-04-17T17:41:32.307679Z
241,7,3.9,5,0,2,3.54,2026-04-27T17:41:32.307679Z
241,8,1.0,1,4,1,3.33,2026-04-30T17:41:32.307679Z
242,1,50.0,4,0,3,3.85,2026-03-16T17:41:32.307679Z
242,2,50.8,9,3,3,3.79,2026-03-23T17:41:32.307679Z
242,3,36.7,5,7,0,3.75,2026-03-28T17:41:32.307679Z
242,4,48.4,4,0,1,3.81,2026-04-06T17:41:32.307679Z
242,5,40.7,3,0,1,3.58,2026-04-11T17:41:32.307679Z
242,6,24.7,5,2,0,3.64,2026-04-22T17:41:32.307679Z
242,7,43.1,2,3,0,3.59,2026-04-25T17:41:32.307679Z
242,8,9.9,2,2,2,3.44,2026-05-02T17:41:32.307679Z
243,1,34.2,4,1,3,2.99,2026-03-18T17:41:32.307679Z
243,2,28.4,2,3,0,2.9,2026-03-19T17:41:32.307679Z
243,3,24.3,6,1,1,2.98,2026-04-01T17:41:32.307679Z
243,4,39.3,3,3,2,2.85,2026-04-02T17:41:32.307679Z
243,5,21.7,1,2,2,2.69,2026-04-11T17:41:32.307679Z
243,6,37.7,0,0,1,2.71,2026-04-17T17:41:32.307679Z
243,7,10.5,0,1,2,2.78,2026-04-29T17:41:32.307679Z
243,8,5.7,0,3,0,2.63,2026-05-02T17:41:32.307679Z
244,1,54.6,9,2,1,2.75,2026-03-15T17:41:32.307679Z
244,2,51.7,7,2,3,2.68,2026-03-20T17:41:32.307679Z
244,3,46.5,3,2,3,2.7,2026-03-26T17:41:32.307679Z
244,4,55.6,5,3,1,2.62,2026-04-04T17:41:32.307679Z
244,5,40.0,4,2,2,2.57,2026-04-15T17:41:32.307679Z
244,6,49.3,6,2,2,2.42,2026-04-19T17:41:32.307679Z
244,7,50.3,1,1,2,2.37,2026-04-29T17:41:32.307679Z
244,8,33.8,3,1,2,2.4,2026-05-01T17:41:32.307679Z
245,1,37.2,2,3,0,3.8,2026-03-13T17:41:32.307679Z
245,2,31.8,6,5,0,3.77,2026-03-21T17:41:32.307679Z
245,3,41.0,5,3,2,3.74,2026-03-26T17:41:32.307679Z
245,4,23.6,1,3,2,3.55,2026-04-08T17:41:32.307679Z
245,5,25.8,3,2,1,3.58,2026-04-12T17:41:32.307679Z
245,6,28.7,0,2,0,3.43,2026-04-17T17:41:32.307679Z
245,7,11.4,2,0,2,3.45,2026-04-26T17:41:32.307679Z
245,8,29.0,4,1,3,3.42,2026-05-03T17:41:32.307679Z
246,1,22.6,8,4,3,3.33,2026-03-17T17:41:32.307679Z
246,2,25.2,2,1,2,3.24,2026-03-22T17:41:32.307679Z
246,3,16.1,5,4,2,3.3,2026-03-27T17:41:32.307679Z
246,4,11.1,6,6,1,3.29,2026-04-04T17:41:32.307679Z
246,5,18.4,8,2,2,3.09,2026-04-09T17:41:32.307679Z
246,6,7.2,5,1,0,3.13,2026-04-17T17:41:32.307679Z
246,7,2.7,4,2,0,3.11,2026-04-29T17:41:32.307679Z
246,8,1.0,6,1,1,2.99,2026-05-03T17:41:32.307679Z
247,1,48.9,6,4,2,3.16,2026-03-18T17:41:32.307679Z
247,2,50.6,5,3,0,3.19,2026-03-20T17:41:32.307679Z
247,3,39.3,5,1,3,3.08,2026-03-27T17:41:32.307679Z
247,4,45.5,4,4,1,3.05,2026-04-05T17:41:32.307679Z
247,5,28.9,2,0,3,3.08,2026-04-13T17:41:32.307679Z
247,6,38.2,7,3,0,2.86,2026-04-22T17:41:32.307679Z
247,7,38.2,3,2,2,2.8,2026-04-29T17:41:32.307679Z
247,8,26.8,3,5,1,2.85,2026-05-04T17:41:32.307679Z
248,1,56.5,4,0,1,3.1,2026-03-16T17:41:32.307679Z
248,2,47.8,3,4,0,3.21,2026-03-25T17:41:32.307679Z
248,3,49.2,5,2,1,3.07,2026-04-01T17:41:32.307679Z
248,4,40.3,4,5,2,2.94,2026-04-03T17:41:32.307679Z
248,5,34.3,4,2,2,2.89,2026-04-14T17:41:32.307679Z
248,6,28.8,0,2,1,2.85,2026-04-18T17:41:32.307679Z
248,7,33.4,4,4,2,2.84,2026-04-26T17:41:32.307679Z
248,8,52.9,3,0,2,2.73,2026-05-03T17:41:32.307679Z
249,1,19.0,7,4,1,2.72,2026-03-17T17:41:32.307679Z
249,2,17.3,2,3,0,2.6,2026-03-22T17:41:32.307679Z
249,3,13.4,4,3,1,2.67,2026-03-31T17:41:32.307679Z
249,4,8.9,1,1,2,2.66,2026-04-07T17:41:32.307679Z
249,5,1.0,1,2,1,2.56,2026-04-12T17:41:32.307679Z
249,6,4.1,5,2,3,2.41,2026-04-22T17:41:32.307679Z
249,7,7.8,2,5,1,2.35,2026-04-25T17:41:32.307679Z
249,8,1.0,0,2,2,2.4,2026-05-03T17:41:32.307679Z
250,1,27.2,1,5,1,3.67,2026-03-17T17:41:32.307679Z
250,2,15.7,0,5,1,3.72,2026-03-21T17:41:32.307679Z
250,3,25.6,4,3,4,3.58,2026-03-28T17:41:32.307679Z
250,4,26.1,7,1,1,3.59,2026-04-08T17:41:32.307679Z
250,5,1.0,8,3,3,3.47,2026-04-12T17:41:32.307679Z
250,6,1.0,1,2,2,3.46,2026-04-19T17:41:32.307679Z
250,7,11.8,1,1,1,3.45,2026-04-27T17:41:32.307679Z
250,8,21.5,2,3,2,3.44,2026-04-30T17:41:32.307679Z
251,1,37.0,3,1,2,2.85,2026-03-13T17:41:32.307679Z
251,2,28.5,7,0,3,2.93,2026-03-23T17:41:32.307679Z
251,3,24.1,1,5,1,2.78,2026-03-31T17:41:32.307679Z
251,4,18.2,4,2,3,2.83,2026-04-04T17:41:32.307679Z
251,5,18.3,4,2,1,2.7,2026-04-15T17:41:32.307679Z
251,6,33.0,3,3,2,2.7,2026-04-21T17:41:32.307679Z
251,7,5.7,4,3,2,2.52,2026-04-27T17:41:32.307679Z
251,8,27.0,2,4,2,2.51,2026-04-30T17:41:32.307679Z
252,1,30.7,4,1,2,2.54,2026-03-13T17:41:32.307679Z
252,2,27.7,5,1,4,2.56,2026-03-21T17:41:32.307679Z
252,3,21.9,4,4,2,2.49,2026-03-26T17:41:32.307679Z
252,4,25.0,2,1,3,2.43,2026-04-05T17:41:32.307679Z
252,5,15.0,3,3,2,2.29,2026-04-14T17:41:32.307679Z
252,6,4.6,3,2,1,2.36,2026-04-19T17:41:32.307679Z
252,7,1.0,4,1,2,2.16,2026-04-24T17:41:32.307679Z
252,8,1.0,4,2,2,2.29,2026-05-03T17:41:32.307679Z
253,1,37.9,5,3,2,2.65,2026-03-15T17:41:32.307679Z
253,2,33.4,6,5,2,2.62,2026-03-23T17:41:32.307679Z
253,3,27.9,5,1,1,2.59,2026-03-30T17:41:32.307679Z
253,4,34.0,1,3,1,2.56,2026-04-02T17:41:32.307679Z
253,5,31.5,6,3,1,2.45,2026-04-12T17:41:32.307679Z
253,6,13.4,1,1,2,2.31,2026-04-19T17:41:32.307679Z
253,7,17.2,3,1,1,2.33,2026-04-26T17:41:32.307679Z
253,8,1.0,2,0,2,2.3,2026-05-04T17:41:32.307679Z
254,1,28.9,6,5,3,2.87,2026-03-16T17:41:32.307679Z
254,2,23.4,4,0,0,2.71,2026-03-25T17:41:32.307679Z
254,3,16.4,0,4,1,2.74,2026-03-30T17:41:32.307679Z
254,4,26.4,3,3,1,2.68,2026-04-08T17:41:32.307679Z
254,5,28.5,7,3,1,2.74,2026-04-13T17:41:32.307679Z
254,6,5.3,2,3,3,2.65,2026-04-20T17:41:32.307679Z
254,7,12.2,5,2,3,2.47,2026-04-26T17:41:32.307679Z
254,8,1.0,0,0,1,2.59,2026-05-05T17:41:32.307679Z
255,1,45.0,8,1,1,3.77,2026-03-15T17:41:32.307679Z
255,2,38.5,5,0,1,3.62,2026-03-22T17:41:32.307679Z
255,3,27.4,6,2,2,3.63,2026-03-29T17:41:32.307679Z
255,4,31.5,4,5,3,3.64,2026-04-05T17:41:32.307679Z
255,5,24.8,1,4,0,3.53,2026-04-12T17:41:32.307679Z
255,6,21.0,0,3,0,3.46,2026-04-20T17:41:32.307679Z
255,7,37.2,0,5,1,3.46,2026-04-23T17:41:32.307679Z
255,8,30.0,0,3,2,3.45,2026-04-30T17:41:32.307679Z
256,1,47.0,7,1,2,3.21,2026-03-17T17:41:32.307679Z
256,2,45.5,6,2,1,3.14,2026-03-22T17:41:32.307679Z
256,3,48.2,2,1,2,3.11,2026-03-29T17:41:32.307679Z
256,4,36.8,6,1,1,2.94,2026-04-04T17:41:32.307679Z
256,5,28.4,3,4,2,2.87,2026-04-11T17:41:32.307679Z
256,6,45.0,5,4,1,2.94,2026-04-22T17:41:32.307679Z
256,7,26.7,3,2,4,2.89,2026-04-25T17:41:32.307679Z
256,8,29.5,1,0,1,2.86,2026-05-01T17:41:32.307679Z
257,1,64.3,2,2,2,3.16,2026-03-12T17:41:32.307679Z
257,2,54.7,4,3,0,3.09,2026-03-24T17:41:32.307679Z
257,3,58.0,7,2,2,2.93,2026-03-29T17:41:32.307679Z
257,4,54.6,7,2,0,2.91,2026-04-03T17:41:32.307679Z
257,5,55.9,2,2,1,2.8,2026-04-10T17:41:32.307679Z
257,6,53.2,6,3,0,2.8,2026-04-20T17:41:32.307679Z
257,7,54.1,4,3,1,2.81,2026-04-26T17:41:32.307679Z
257,8,23.6,3,2,0,2.83,2026-04-30T17:41:32.307679Z
258,1,51.3,5,0,0,2.74,2026-03-18T17:41:32.307679Z
258,2,51.8,3,3,2,2.63,2026-03-22T17:41:32.307679Z
258,3,49.6,5,0,0,2.62,2026-03-28T17:41:32.307679Z
258,4,42.2,0,0,1,2.49,2026-04-06T17:41:32.307679Z
258,5,42.6,0,4,1,2.57,2026-04-09T17:41:32.307679Z
258,6,42.0,4,5,1,2.35,2026-04-16T17:41:32.307679Z
258,7,31.0,2,2,1,2.36,2026-04-28T17:41:32.307679Z
258,8,15.8,0,3,2,2.34,2026-05-03T17:41:32.307679Z
259,1,47.7,5,0,2,2.57,2026-03-17T17:41:32.307679Z
259,2,39.4,6,1,1,2.56,2026-03-22T17:41:32.307679Z
259,3,37.0,1,1,1,2.5,2026-03-30T17:41:32.307679Z
259,4,38.3,5,7,0,2.48,2026-04-04T17:41:32.307679Z
259,5,30.9,1,2,1,2.45,2026-04-11T17:41:32.307679Z
259,6,45.7,3,4,1,2.42,2026-04-19T17:41:32.307679Z
259,7,18.5,5,1,2,2.26,2026-04-24T17:41:32.307679Z
259,8,39.3,1,1,1,2.19,2026-05-06T17:41:32.307679Z
260,1,37.6,5,2,0,3.61,2026-03-15T17:41:32.307679Z
260,2,32.0,6,1,3,3.55,2026-03-24T17:41:32.307679Z
260,3,33.2,5,3,2,3.59,2026-03-29T17:41:32.307679Z
260,4,22.0,7,0,2,3.57,2026-04-05T17:41:32.307679Z
260,5,29.9,2,7,3,3.57,2026-04-15T17:41:32.307679Z
260,6,6.4,5,1,1,3.36,2026-04-22T17:41:32.307679Z
260,7,2.6,5,4,3,3.4,2026-04-27T17:41:32.307679Z
260,8,33.2,2,3,3,3.44,2026-05-03T17:41:32.307679Z
261,1,55.0,7,4,2,3.87,2026-03-15T17:41:32.307679Z
261,2,59.1,0,3,1,3.8,2026-03-20T17:41:32.307679Z
261,3,52.2,3,4,1,3.82,2026-03-30T17:41:32.307679Z
261,4,56.9,1,5,1,3.67,2026-04-04T17:41:32.307679Z
261,5,31.2,5,4,1,3.61,2026-04-11T17:41:32.307679Z
261,6,48.9,2,3,1,3.63,2026-04-19T17:41:32.307679Z
261,7,49.6,2,4,1,3.62,2026-04-23T17:41:32.307679Z
261,8,57.0,0,4,3,3.49,2026-05-06T17:41:32.307679Z
262,1,41.4,8,2,3,3.73,2026-03-15T17:41:32.307679Z
262,2,34.3,4,2,3,3.65,2026-03-22T17:41:32.307679Z
262,3,36.4,5,1,1,3.63,2026-03-28T17:41:32.307679Z
262,4,30.2,0,5,2,3.52,2026-04-05T17:41:32.307679Z
262,5,21.7,3,5,2,3.55,2026-04-10T17:41:32.307679Z
262,6,32.2,5,3,1,3.48,2026-04-18T17:41:32.307679Z
262,7,14.8,7,3,3,3.4,2026-04-27T17:41:32.307679Z
262,8,42.3,0,1,2,3.3,2026-04-30T17:41:32.307679Z
263,1,51.2,9,1,1,3.08,2026-03-13T17:41:32.307679Z
263,2,52.6,6,2,0,2.99,2026-03-22T17:41:32.307679Z
263,3,45.8,7,3,2,2.95,2026-03-27T17:41:32.307679Z
263,4,38.4,0,0,1,2.87,2026-04-04T17:41:32.307679Z
263,5,35.1,4,1,0,2.82,2026-04-10T17:41:32.307679Z
263,6,29.8,4,1,1,2.87,2026-04-19T17:41:32.307679Z
263,7,29.2,1,3,1,2.69,2026-04-23T17:41:32.307679Z
263,8,23.3,3,4,1,2.76,2026-05-05T17:41:32.307679Z
264,1,33.4,3,1,2,2.92,2026-03-12T17:41:32.307679Z
264,2,25.3,5,1,0,2.76,2026-03-25T17:41:32.307679Z
264,3,32.0,4,3,3,2.84,2026-03-30T17:41:32.307679Z
264,4,10.1,0,4,3,2.65,2026-04-03T17:41:32.307679Z
264,5,20.9,6,3,1,2.61,2026-04-09T17:41:32.307679Z
264,6,16.2,3,2,0,2.71,2026-04-19T17:41:32.307679Z
264,7,1.0,0,2,2,2.52,2026-04-23T17:41:32.307679Z
264,8,1.0,4,0,1,2.58,2026-05-05T17:41:32.307679Z
265,1,60.6,4,5,2,3.31,2026-03-14T17:41:32.307679Z
265,2,59.5,2,0,1,3.39,2026-03-19T17:41:32.307679Z
265,3,60.0,6,2,2,3.19,2026-04-01T17:41:32.307679Z
265,4,47.5,0,4,1,3.22,2026-04-02T17:41:32.307679Z
265,5,53.8,5,3,2,3.14,2026-04-09T17:41:32.307679Z
265,6,58.8,2,4,1,3.05,2026-04-16T17:41:32.307679Z
265,7,36.3,8,1,3,3.05,2026-04-26T17:41:32.307679Z
265,8,36.2,2,0,1,3.03,2026-05-04T17:41:32.307679Z
266,1,41.6,3,3,1,3.1,2026-03-16T17:41:32.307679Z
266,2,37.5,4,0,0,3.01,2026-03-23T17:41:32.307679Z
266,3,40.0,6,1,0,2.98,2026-03-29T17:41:32.307679Z
266,4,26.3,5,5,2,2.89,2026-04-04T17:41:32.307679Z
266,5,29.5,1,3,1,2.76,2026-04-09T17:41:32.307679Z
266,6,44.4,2,3,1,2.87,2026-04-21T17:41:32.307679Z
266,7,26.4,4,1,1,2.82,2026-04-29T17:41:32.307679Z
266,8,8.9,3,2,2,2.62,2026-05-03T17:41:32.307679Z
267,1,30.6,3,3,3,3.26,2026-03-15T17:41:32.307679Z
267,2,33.7,6,4,2,3.28,2026-03-23T17:41:32.307679Z
267,3,28.6,3,1,2,3.1,2026-03-30T17:41:32.307679Z
267,4,15.8,5,1,1,3.18,2026-04-04T17:41:32.307679Z
267,5,15.8,4,2,0,3.04,2026-04-15T17:41:32.307679Z
267,6,7.6,2,3,1,3.08,2026-04-17T17:41:32.307679Z
267,7,33.6,3,3,0,2.88,2026-04-28T17:41:32.307679Z
267,8,21.9,0,4,1,3.01,2026-05-03T17:41:32.307679Z
268,1,30.5,7,2,3,3.82,2026-03-18T17:41:32.307679Z
268,2,20.8,3,0,2,3.77,2026-03-23T17:41:32.307679Z
268,3,26.6,4,1,2,3.62,2026-03-30T17:41:32.307679Z
268,4,13.2,5,1,2,3.5,2026-04-04T17:41:32.307679Z
268,5,5.7,3,2,2,3.44,2026-04-10T17:41:32.307679Z
268,6,5.4,4,5,3,3.41,2026-04-17T17:41:32.307679Z
268,7,14.0,5,3,3,3.43,2026-04-29T17:41:32.307679Z
268,8,1.0,1,3,2,3.38,2026-05-02T17:41:32.307679Z
269,1,51.3,6,1,2,2.47,2026-03-17T17:41:32.307679Z
269,2,43.2,2,3,1,2.47,2026-03-22T17:41:32.307679Z
269,3,42.8,5,5,1,2.36,2026-03-29T17:41:32.307679Z
269,4,32.6,6,2,0,2.42,2026-04-06T17:41:32.307679Z
269,5,29.8,4,4,1,2.36,2026-04-15T17:41:32.307679Z
269,6,42.7,3,4,2,2.27,2026-04-20T17:41:32.307679Z
269,7,34.5,7,4,2,2.27,2026-04-25T17:41:32.307679Z
269,8,29.1,6,3,1,2.23,2026-05-01T17:41:32.307679Z
270,1,41.6,1,3,0,2.53,2026-03-17T17:41:32.307679Z
270,2,34.8,5,4,1,2.55,2026-03-20T17:41:32.307679Z
270,3,30.3,7,1,0,2.47,2026-03-27T17:41:32.307679Z
270,4,25.4,1,5,2,2.53,2026-04-07T17:41:32.307679Z
270,5,34.2,2,2,1,2.33,2026-04-10T17:41:32.307679Z
270,6,10.0,5,6,2,2.42,2026-04-18T17:41:32.307679Z
270,7,32.9,2,0,1,2.37,2026-04-23T17:41:32.307679Z
270,8,1.9,0,1,2,2.22,2026-05-04T17:41:32.307679Z
271,1,57.4,7,2,3,2.46,2026-03-12T17:41:32.307679Z
271,2,58.2,5,4,1,2.56,2026-03-21T17:41:32.307679Z
271,3,46.9,4,3,2,2.42,2026-03-28T17:41:32.307679Z
271,4,49.3,4,0,3,2.28,2026-04-08T17:41:32.307679Z
271,5,52.6,4,2,2,2.37,2026-04-10T17:41:32.307679Z
271,6,30.7,4,3,0,2.3,2026-04-19T17:41:32.307679Z
271,7,37.8,4,3,3,2.28,2026-04-28T17:41:32.307679Z
271,8,47.7,2,2,1,2.15,2026-05-05T17:41:32.307679Z
272,1,40.9,5,2,2,3.14,2026-03-16T17:41:32.307679Z
272,2,40.3,4,2,1,3.08,2026-03-19T17:41:32.307679Z
272,3,42.0,8,1,0,2.99,2026-04-01T17:41:32.307679Z
272,4,34.2,5,2,3,2.82,2026-04-03T17:41:32.307679Z
272,5,18.2,0,0,2,2.9,2026-04-10T17:41:32.307679Z
272,6,18.2,3,2,2,2.78,2026-04-16T17:41:32.307679Z
272,7,46.1,0,2,1,2.73,2026-04-29T17:41:32.307679Z
272,8,16.3,1,1,2,2.65,2026-05-06T17:41:32.307679Z
273,1,45.5,3,0,3,2.88,2026-03-14T17:41:32.307679Z
273,2,48.0,3,5,1,2.72,2026-03-22T17:41:32.307679Z
273,3,40.7,5,2,1,2.79,2026-04-01T17:41:32.307679Z
273,4,47.6,5,4,1,2.64,2026-04-05T17:41:32.307679Z
273,5,39.5,2,2,2,2.75,2026-04-14T17:41:32.307679Z
273,6,21.6,3,3,2,2.53,2026-04-16T17:41:32.307679Z
273,7,16.6,7,3,0,2.53,2026-04-23T17:41:32.307679Z
273,8,25.6,4,1,1,2.46,2026-04-30T17:41:32.307679Z
274,1,25.0,5,3,2,3.89,2026-03-15T17:41:32.307679Z
274,2,27.8,3,0,1,3.81,2026-03-21T17:41:32.307679Z
274,3,19.4,6,4,1,3.69,2026-03-26T17:41:32.307679Z
274,4,25.3,2,0,2,3.64,2026-04-02T17:41:32.307679Z
274,5,1.2,2,4,2,3.65,2026-04-09T17:41:32.307679Z
274,6,1.5,4,3,1,3.66,2026-04-22T17:41:32.307679Z
274,7,22.4,2,2,0,3.47,2026-04-29T17:41:32.307679Z
274,8,2.1,4,5,2,3.51,2026-04-30T17:41:32.307679Z
275,1,42.8,3,2,2,3.81,2026-03-14T17:41:32.307679Z
275,2,39.4,2,2,0,3.83,2026-03-22T17:41:32.307679Z
275,3,32.3,4,2,1,3.67,2026-04-01T17:41:32.307679Z
275,4,32.1,3,0,1,3.74,2026-04-03T17:41:32.307679Z
275,5,44.1,2,2,2,3.6,2026-04-13T17:41:32.307679Z
275,6,37.2,2,2,2,3.53,2026-04-20T17:41:32.307679Z
275,7,38.1,3,3,2,3.52,2026-04-24T17:41:32.307679Z
275,8,18.0,4,3,3,3.45,2026-05-02T17:41:32.307679Z
276,1,25.1,4,0,3,2.83,2026-03-14T17:41:32.307679Z
276,2,22.2,2,2,0,2.92,2026-03-24T17:41:32.307679Z
276,3,18.8,4,3,3,2.76,2026-03-27T17:41:32.307679Z
276,4,20.6,2,0,3,2.81,2026-04-02T17:41:32.307679Z
276,5,19.9,7,3,2,2.69,2026-04-09T17:41:32.307679Z
276,6,10.3,4,7,2,2.58,2026-04-21T17:41:32.307679Z
276,7,1.0,4,1,0,2.54,2026-04-27T17:41:32.307679Z
276,8,16.8,6,2,0,2.67,2026-04-30T17:41:32.307679Z
277,1,39.1,3,3,0,3.76,2026-03-17T17:41:32.307679Z
277,2,28.1,2,3,1,3.72,2026-03-24T17:41:32.307679Z
277,3,27.9,2,1,2,3.8,2026-03-26T17:41:32.307679Z
277,4,24.2,4,4,2,3.75,2026-04-08T17:41:32.307679Z
277,5,31.3,0,5,2,3.57,2026-04-12T17:41:32.307679Z
277,6,4.6,3,1,1,3.55,2026-04-18T17:41:32.307679Z
277,7,18.5,3,1,4,3.5,2026-04-24T17:41:32.307679Z
277,8,8.9,4,3,2,3.46,2026-04-30T17:41:32.307679Z
278,1,29.0,6,1,0,3.32,2026-03-13T17:41:32.307679Z
278,2,33.4,6,1,0,3.4,2026-03-24T17:41:32.307679Z
278,3,23.6,3,2,0,3.38,2026-03-26T17:41:32.307679Z
278,4,22.4,3,6,1,3.28,2026-04-07T17:41:32.307679Z
278,5,16.2,1,1,3,3.24,2026-04-13T17:41:32.307679Z
278,6,9.2,1,3,2,3.1,2026-04-17T17:41:32.307679Z
278,7,10.8,2,4,4,3.14,2026-04-25T17:41:32.307679Z
278,8,7.0,1,2,2,3.12,2026-05-06T17:41:32.307679Z
279,1,46.2,3,1,4,2.57,2026-03-18T17:41:32.307679Z
279,2,47.1,5,4,1,2.52,2026-03-21T17:41:32.307679Z
279,3,37.0,3,0,3,2.6,2026-03-31T17:41:32.307679Z
279,4,38.5,3,4,1,2.48,2026-04-08T17:41:32.307679Z
279,5,39.9,3,0,0,2.4,2026-04-11T17:41:32.307679Z
279,6,40.6,5,2,2,2.41,2026-04-16T17:41:32.307679Z
279,7,31.2,7,1,1,2.28,2026-04-29T17:41:32.307679Z
279,8,27.2,3,3,1,2.24,2026-05-02T17:41:32.307679Z
280,1,51.2,0,4,2,2.82,2026-03-12T17:41:32.307679Z
280,2,51.0,6,4,1,2.82,2026-03-21T17:41:32.307679Z
280,3,46.8,4,6,3,2.63,2026-03-28T17:41:32.307679Z
280,4,35.0,2,3,0,2.61,2026-04-07T17:41:32.307679Z
280,5,32.5,6,2,3,2.61,2026-04-09T17:41:32.307679Z
280,6,39.2,3,2,2,2.61,2026-04-16T17:41:32.307679Z
280,7,41.0,7,4,1,2.45,2026-04-28T17:41:32.307679Z
280,8,46.0,4,0,2,2.48,2026-05-02T17:41:32.307679Z
281,1,30.7,5,3,3,3.61,2026-03-17T17:41:32.307679Z
281,2,30.8,3,3,0,3.53,2026-03-20T17:41:32.307679Z
281,3,19.5,5,4,1,3.36,2026-03-26T17:41:32.307679Z
281,4,32.8,2,2,1,3.42,2026-04-07T17:41:32.307679Z
281,5,18.6,1,3,4,3.29,2026-04-13T17:41:32.307679Z
281,6,6.4,4,3,2,3.34,2026-04-17T17:41:32.307679Z
281,7,1.0,4,4,2,3.21,2026-04-27T17:41:32.307679Z
281,8,22.7,1,2,1,3.25,2026-05-06T17:41:32.307679Z
282,1,35.9,5,3,2,3.68,2026-03-17T17:41:32.307679Z
282,2,37.8,6,4,3,3.68,2026-03-20T17:41:32.307679Z
282,3,30.3,2,3,2,3.63,2026-04-01T17:41:32.307679Z
282,4,21.4,5,3,2,3.49,2026-04-07T17:41:32.307679Z
282,5,22.4,4,5,3,3.44,2026-04-11T17:41:32.307679Z
282,6,24.7,1,1,0,3.53,2026-04-22T17:41:32.307679Z
282,7,19.5,2,3,1,3.39,2026-04-23T17:41:32.307679Z
282,8,12.4,3,1,1,3.36,2026-04-30T17:41:32.307679Z
283,1,47.6,5,3,2,3.68,2026-03-18T17:41:32.307679Z
283,2,49.7,6,3,4,3.7,2026-03-24T17:41:32.307679Z
283,3,41.1,6,2,2,3.69,2026-04-01T17:41:32.307679Z
283,4,49.5,1,3,0,3.53,2026-04-08T17:41:32.307679Z
283,5,40.7,8,2,4,3.44,2026-04-10T17:41:32.307679Z
283,6,23.1,2,1,0,3.42,2026-04-17T17:41:32.307679Z
283,7,43.0,4,1,1,3.45,2026-04-29T17:41:32.307679Z
283,8,45.2,0,2,2,3.3,2026-05-04T17:41:32.307679Z
284,1,55.2,2,4,0,3.08,2026-03-13T17:41:32.307679Z
284,2,60.8,2,1,1,2.99,2026-03-22T17:41:32.307679Z
284,3,59.7,7,3,2,2.87,2026-03-26T17:41:32.307679Z
284,4,46.2,6,5,2,2.8,2026-04-05T17:41:32.307679Z
284,5,57.1,2,2,0,2.85,2026-04-14T17:41:32.307679Z
284,6,44.4,5,2,0,2.67,2026-04-18T17:41:32.307679Z
284,7,46.4,4,4,2,2.8,2026-04-25T17:41:32.307679Z
284,8,57.4,3,4,1,2.64,2026-04-30T17:41:32.307679Z
285,1,41.5,7,2,0,3.57,2026-03-12T17:41:32.307679Z
285,2,34.9,5,3,2,3.44,2026-03-20T17:41:32.307679Z
285,3,30.5,5,1,2,3.34,2026-03-26T17:41:32.307679Z
285,4,26.6,6,3,0,3.45,2026-04-05T17:41:32.307679Z
285,5,32.3,3,3,3,3.22,2026-04-12T17:41:32.307679Z
285,6,27.9,2,4,2,3.31,2026-04-17T17:41:32.307679Z
285,7,25.9,3,1,1,3.21,2026-04-27T17:41:32.307679Z
285,8,23.3,5,1,3,3.24,2026-05-05T17:41:32.307679Z
286,1,45.5,5,3,2,3.79,2026-03-16T17:41:32.307679Z
286,2,46.2,2,2,1,3.73,2026-03-19T17:41:32.307679Z
286,3,46.4,4,3,0,3.7,2026-03-28T17:41:32.307679Z
286,4,36.8,7,4,1,3.74,2026-04-02T17:41:32.307679Z
286,5,48.7,2,3,0,3.65,2026-04-11T17:41:32.307679Z
286,6,31.2,2,5,1,3.52,2026-04-22T17:41:32.307679Z
286,7,44.1,0,5,1,3.45,2026-04-24T17:41:32.307679Z
286,8,34.6,4,2,2,3.55,2026-05-02T17:41:32.307679Z
287,1,42.0,7,4,1,3.46,2026-03-13T17:41:32.307679Z
287,2,36.2,3,1,2,3.28,2026-03-21T17:41:32.307679Z
287,3,35.0,5,4,2,3.42,2026-04-01T17:41:32.307679Z
287,4,34.8,5,0,1,3.34,2026-04-08T17:41:32.307679Z
287,5,33.5,5,2,1,3.19,2026-04-11T17:41:32.307679Z
287,6,20.8,4,2,2,3.22,2026-04-22T17:41:32.307679Z
287,7,43.9,1,2,3,3.18,2026-04-24T17:41:32.307679Z
287,8,12.0,1,2,3,3.03,2026-05-04T17:41:32.307679Z
288,1,55.5,3,1,1,3.73,2026-03-14T17:41:32.307679Z
288,2,48.5,4,2,0,3.71,2026-03-23T17:41:32.307679Z
288,3,47.5,4,1,2,3.67,2026-03-26T17:41:32.307679Z
288,4,42.8,2,3,0,3.58,2026-04-03T17:41:32.307679Z
288,5,52.3,5,3,2,3.55,2026-04-14T17:41:32.307679Z
288,6,33.1,2,1,3,3.49,2026-04-22T17:41:32.307679Z
288,7,48.2,4,3,1,3.6,2026-04-24T17:41:32.307679Z
288,8,22.1,3,3,2,3.55,2026-05-06T17:41:32.307679Z
289,1,36.6,1,3,2,2.72,2026-03-13T17:41:32.307679Z
289,2,30.6,2,2,0,2.56,2026-03-22T17:41:32.307679Z
289,3,18.4,3,2,3,2.62,2026-03-27T17:41:32.307679Z
289,4,27.8,5,2,2,2.5,2026-04-06T17:41:32.307679Z
289,5,16.5,4,6,2,2.59,2026-04-14T17:41:32.307679Z
289,6,33.7,5,3,3,2.39,2026-04-19T17:41:32.307679Z
289,7,22.8,2,5,1,2.45,2026-04-28T17:41:32.307679Z
289,8,1.0,0,4,0,2.26,2026-05-06T17:41:32.307679Z
290,1,58.1,7,5,1,3.83,2026-03-18T17:41:32.307679Z
290,2,53.6,6,4,1,3.83,2026-03-22T17:41:32.307679Z
290,3,57.8,3,5,2,3.88,2026-04-01T17:41:32.307679Z
290,4,44.9,4,4,3,3.86,2026-04-05T17:41:32.307679Z
290,5,43.5,3,0,2,3.66,2026-04-10T17:41:32.307679Z
290,6,37.0,0,3,1,3.58,2026-04-18T17:41:32.307679Z
290,7,46.5,4,6,2,3.58,2026-04-26T17:41:32.307679Z
290,8,39.9,4,5,3,3.63,2026-05-02T17:41:32.307679Z
291,1,53.7,2,3,2,2.6,2026-03-12T17:41:32.307679Z
291,2,57.7,2,3,2,2.55,2026-03-20T17:41:32.307679Z
291,3,49.1,4,4,2,2.46,2026-04-01T17:41:32.307679Z
291,4,51.2,5,2,2,2.46,2026-04-06T17:41:32.307679Z
291,5,40.9,4,2,1,2.25,2026-04-15T17:41:32.307679Z
291,6,48.9,3,1,2,2.34,2026-04-19T17:41:32.307679Z
291,7,21.9,4,1,2,2.3,2026-04-28T17:41:32.307679Z
291,8,30.5,1,3,1,2.19,2026-05-06T17:41:32.307679Z
292,1,39.5,3,4,0,3.72,2026-03-17T17:41:32.307679Z
292,2,37.7,3,0,1,3.68,2026-03-21T17:41:32.307679Z
292,3,39.9,1,1,0,3.65,2026-03-28T17:41:32.307679Z
292,4,29.8,6,3,2,3.59,2026-04-03T17:41:32.307679Z
292,5,35.9,4,3,2,3.5,2026-04-13T17:41:32.307679Z
292,6,30.4,4,3,2,3.58,2026-04-19T17:41:32.307679Z
292,7,17.4,7,4,2,3.56,2026-04-29T17:41:32.307679Z
292,8,7.3,2,5,2,3.39,2026-05-01T17:41:32.307679Z
293,1,31.6,3,4,1,3.3,2026-03-12T17:41:32.307679Z
293,2,29.5,0,1,2,3.28,2026-03-20T17:41:32.307679Z
293,3,24.2,8,3,2,3.22,2026-03-31T17:41:32.307679Z
293,4,31.4,4,1,1,3.3,2026-04-03T17:41:32.307679Z
293,5,14.7,6,3,2,3.14,2026-04-12T17:41:32.307679Z
293,6,11.1,8,2,3,3.13,2026-04-20T17:41:32.307679Z
293,7,11.5,3,3,2,3.1,2026-04-26T17:41:32.307679Z
293,8,3.8,6,5,2,2.99,2026-05-06T17:41:32.307679Z
294,1,51.3,2,4,2,3.26,2026-03-14T17:41:32.307679Z
294,2,42.5,9,1,2,3.16,2026-03-20T17:41:32.307679Z
294,3,43.9,5,4,2,3.06,2026-04-01T17:41:32.307679Z
294,4,31.7,2,1,3,3.03,2026-04-06T17:41:32.307679Z
294,5,36.1,8,1,2,2.98,2026-04-11T17:41:32.307679Z
294,6,39.4,2,2,1,2.94,2026-04-21T17:41:32.307679Z
294,7,17.9,0,4,1,3.04,2026-04-23T17:41:32.307679Z
294,8,24.9,0,1,0,2.8,2026-05-05T17:41:32.307679Z
295,1,38.1,3,0,2,2.65,2026-03-18T17:41:32.307679Z
295,2,44.3,5,4,2,2.53,2026-03-20T17:41:32.307679Z
295,3,44.2,4,1,1,2.62,2026-03-31T17:41:32.307679Z
295,4,31.9,6,1,2,2.5,2026-04-05T17:41:32.307679Z
295,5,30.0,3,2,1,2.36,2026-04-11T17:41:32.307679Z
295,6,14.9,5,4,0,2.3,2026-04-19T17:41:32.307679Z
295,7,39.9,5,2,1,2.41,2026-04-27T17:41:32.307679Z
295,8,30.7,1,1,2,2.38,2026-05-03T17:41:32.307679Z
296,1,49.3,6,3,2,3.71,2026-03-15T17:41:32.307679Z
296,2,41.9,7,3,2,3.65,2026-03-19T17:41:32.307679Z
296,3,47.7,0,2,3,3.65,2026-03-30T17:41:32.307679Z
296,4,38.1,6,4,2,3.54,2026-04-03T17:41:32.307679Z
296,5,29.2,0,0,1,3.38,2026-04-10T17:41:32.307679Z
296,6,31.5,6,2,1,3.36,2026-04-19T17:41:32.307679Z
296,7,30.0,2,2,2,3.45,2026-04-28T17:41:32.307679Z
296,8,41.5,2,2,1,3.23,2026-05-02T17:41:32.307679Z
297,1,42.7,3,2,1,3.0,2026-03-13T17:41:32.307679Z
297,2,43.1,0,1,1,2.95,2026-03-23T17:41:32.307679Z
297,3,44.0,2,2,2,2.98,2026-04-01T17:41:32.307679Z
297,4,44.6,1,4,1,2.91,2026-04-06T17:41:32.307679Z
297,5,25.6,4,2,2,2.84,2026-04-13T17:41:32.307679Z
297,6,31.3,1,1,1,2.8,2026-04-22T17:41:32.307679Z
297,7,14.4,1,3,0,2.61,2026-04-23T17:41:32.307679Z
297,8,38.9,1,3,1,2.59,2026-05-04T17:41:32.307679Z
298,1,28.4,5,6,0,3.58,2026-03-16T17:41:32.307679Z
298,2,25.3,5,3,0,3.36,2026-03-22T17:41:32.307679Z
298,3,16.1,7,3,1,3.34,2026-03-31T17:41:32.307679Z
298,4,10.3,0,4,2,3.31,2026-04-08T17:41:32.307679Z
298,5,20.6,0,0,3,3.35,2026-04-11T17:41:32.307679Z
298,6,1.0,6,4,0,3.27,2026-04-18T17:41:32.307679Z
298,7,13.5,3,2,1,3.25,2026-04-26T17:41:32.307679Z
298,8,15.1,0,1,2,3.09,2026-05-06T17:41:32.307679Z
299,1,33.6,4,4,0,3.71,2026-03-13T17:41:32.307679Z
299,2,32.3,2,2,1,3.68,2026-03-21T17:41:32.307679Z
299,3,24.3,2,1,1,3.67,2026-03-29T17:41:32.307679Z
299,4,28.5,3,4,2,3.62,2026-04-05T17:41:32.307679Z
299,5,28.7,4,1,1,3.56,2026-04-14T17:41:32.307679Z
299,6,16.3,1,2,2,3.5,2026-04-22T17:41:32.307679Z
299,7,12.3,2,4,2,3.45,2026-04-28T17:41:32.307679Z
299,8,18.7,6,0,1,3.32,2026-05-03T17:41:32.307679Z
300,1,29.6,7,3,1,3.36,2026-03-12T17:41:32.307679Z
300,2,26.5,2,5,0,3.26,2026-03-20T17:41:32.307679Z
300,3,15.6,2,4,2,3.29,2026-03-28T17:41:32.307679Z
300,4,19.6,3,0,1,3.13,2026-04-06T17:41:32.307679Z
300,5,14.9,3,2,0,3.18,2026-04-10T17:41:32.307679Z
300,6,15.5,3,2,3,3.23,2026-04-20T17:41:32.307679Z
300,7,24.0,3,3,3,3.16,2026-04-23T17:41:32.307679Z
300,8,27.2,2,2,2,3.06,2026-04-30T17:41:32.307679Z
301,1,45.1,10,3,1,3.82,2026-03-18T17:41:32.307679Z
301,2,43.5,5,5,1,3.83,2026-03-21T17:41:32.307679Z
301,3,39.2,2,2,1,3.63,2026-03-29T17:41:32.307679Z
301,4,44.6,3,3,1,3.68,2026-04-03T17:41:32.307679Z
301,5,37.3,4,3,2,3.7,2026-04-10T17:41:32.307679Z
301,6,30.0,2,2,2,3.52,2026-04-19T17:41:32.307679Z
301,7,27.9,4,1,1,3.43,2026-04-29T17:41:32.307679Z
301,8,36.6,3,1,3,3.53,2026-05-01T17:41:32.307679Z
302,1,37.0,6,4,1,3.17,2026-03-17T17:41:32.307679Z
302,2,33.8,5,2,2,3.17,2026-03-21T17:41:32.307679Z
302,3,28.0,3,4,1,2.96,2026-04-01T17:41:32.307679Z
302,4,18.2,3,2,3,2.9,2026-04-03T17:41:32.307679Z
302,5,28.0,4,3,3,2.85,2026-04-14T17:41:32.307679Z
302,6,21.4,0,3,2,2.96,2026-04-21T17:41:32.307679Z
302,7,1.9,3,2,3,2.82,2026-04-25T17:41:32.307679Z
302,8,10.6,2,3,2,2.75,2026-05-05T17:41:32.307679Z
303,1,34.5,6,5,3,2.91,2026-03-12T17:41:32.307679Z
303,2,25.3,7,2,2,2.85,2026-03-21T17:41:32.307679Z
303,3,22.1,3,1,1,2.88,2026-03-28T17:41:32.307679Z
303,4,27.0,3,2,1,2.77,2026-04-05T17:41:32.307679Z
303,5,14.2,4,1,2,2.71,2026-04-13T17:41:32.307679Z
303,6,26.9,0,2,1,2.69,2026-04-20T17:41:32.307679Z
303,7,23.9,0,3,2,2.63,2026-04-23T17:41:32.307679Z
303,8,1.0,3,3,3,2.64,2026-05-04T17:41:32.307679Z
304,1,59.0,3,2,2,3.2,2026-03-15T17:41:32.307679Z
304,2,52.9,4,2,3,3.03,2026-03-24T17:41:32.307679Z
304,3,55.3,2,3,1,3.13,2026-03-31T17:41:32.307679Z
304,4,58.3,6,3,1,2.99,2026-04-08T17:41:32.307679Z
304,5,55.9,2,3,2,2.99,2026-04-12T17:41:32.307679Z
304,6,41.3,1,1,1,2.98,2026-04-18T17:41:32.307679Z
304,7,54.3,4,4,1,2.9,2026-04-25T17:41:32.307679Z
304,8,16.8,4,1,1,2.85,2026-05-05T17:41:32.307679Z
305,1,19.9,5,3,3,2.61,2026-03-14T17:41:32.307679Z
305,2,22.5,2,1,1,2.53,2026-03-21T17:41:32.307679Z
305,3,17.4,3,6,2,2.52,2026-04-01T17:41:32.307679Z
305,4,11.7,2,1,1,2.43,2026-04-04T17:41:32.307679Z
305,5,5.6,2,5,1,2.46,2026-04-14T17:41:32.307679Z
305,6,19.1,5,3,2,2.37,2026-04-19T17:41:32.307679Z
305,7,1.0,6,1,2,2.23,2026-04-27T17:41:32.307679Z
305,8,14.7,0,5,0,2.21,2026-05-02T17:41:32.307679Z
306,1,47.7,4,3,1,3.28,2026-03-18T17:41:32.307679Z
306,2,45.0,9,1,2,3.16,2026-03-24T17:41:32.307679Z
306,3,42.7,2,2,0,3.25,2026-03-30T17:41:32.307679Z
306,4,50.5,5,1,2,3.1,2026-04-04T17:41:32.307679Z
306,5,40.1,7,3,0,3.16,2026-04-13T17:41:32.307679Z
306,6,27.8,0,4,2,2.95,2026-04-18T17:41:32.307679Z
306,7,48.3,5,2,2,2.91,2026-04-29T17:41:32.307679Z
306,8,24.9,6,2,1,2.99,2026-05-05T17:41:32.307679Z
307,1,16.7,2,4,2,3.81,2026-03-12T17:41:32.307679Z
307,2,25.0,6,0,1,3.8,2026-03-21T17:41:32.307679Z
307,3,22.5,3,3,0,3.69,2026-03-28T17:41:32.307679Z
307,4,8.6,5,4,0,3.51,2026-04-04T17:41:32.307679Z
307,5,15.4,4,4,0,3.64,2026-04-15T17:41:32.307679Z
307,6,1.0,6,1,2,3.59,2026-04-16T17:41:32.307679Z
307,7,11.1,2,1,2,3.51,2026-04-23T17:41:32.307679Z
307,8,1.0,4,0,1,3.5,2026-05-06T17:41:32.307679Z
308,1,56.8,4,2,1,2.61,2026-03-16T17:41:32.307679Z
308,2,52.8,6,1,3,2.51,2026-03-21T17:41:32.307679Z
308,3,60.5,2,1,3,2.53,2026-03-27T17:41:32.307679Z
308,4,54.2,0,1,1,2.54,2026-04-05T17:41:32.307679Z
308,5,47.4,3,3,3,2.39,2026-04-15T17:41:32.307679Z
308,6,36.8,5,3,2,2.49,2026-04-19T17:41:32.307679Z
308,7,22.6,4,2,2,2.3,2026-04-29T17:41:32.307679Z
308,8,52.4,0,3,1,2.32,2026-05-04T17:41:32.307679Z
309,1,17.7,3,3,3,3.31,2026-03-14T17:41:32.307679Z
309,2,18.0,7,1,2,3.2,2026-03-23T17:41:32.307679Z
309,3,13.4,6,3,2,3.12,2026-03-31T17:41:32.307679Z
309,4,10.6,2,4,0,3.12,2026-04-02T17:41:32.307679Z
309,5,3.1,0,2,3,3.09,2026-04-15T17:41:32.307679Z
309,6,15.1,2,4,3,3.05,2026-04-22T17:41:32.307679Z
309,7,10.7,0,3,2,2.87,2026-04-28T17:41:32.307679Z
309,8,1.0,3,7,1,2.94,2026-05-06T17:41:32.307679Z
310,1,37.6,5,2,3,3.8,2026-03-12T17:41:32.307679Z
310,2,29.4,3,0,2,3.67,2026-03-23T17:41:32.307679Z
310,3,30.0,1,4,0,3.57,2026-03-31T17:41:32.307679Z
310,4,30.3,5,6,0,3.57,2026-04-06T17:41:32.307679Z
310,5,19.3,5,2,2,3.5,2026-04-10T17:41:32.307679Z
310,6,10.5,4,5,2,3.57,2026-04-17T17:41:32.307679Z
310,7,4.3,2,1,1,3.5,2026-04-23T17:41:32.307679Z
310,8,36.6,2,0,2,3.44,2026-04-30T17:41:32.307679Z
311,1,45.4,6,1,3,2.76,2026-03-12T17:41:32.307679Z
311,2,41.1,5,3,2,2.78,2026-03-19T17:41:32.307679Z
311,3,37.9,1,3,3,2.65,2026-03-27T17:41:32.307679Z
311,4,38.0,3,5,1,2.65,2026-04-03T17:41:32.307679Z
311,5,33.3,6,1,2,2.46,2026-04-15T17:41:32.307679Z
311,6,19.3,5,2,3,2.41,2026-04-19T17:41:32.307679Z
311,7,34.6,4,4,1,2.53,2026-04-24T17:41:32.307679Z
311,8,5.2,1,1,3,2.37,2026-05-06T17:41:32.307679Z
312,1,33.5,7,2,3,2.72,2026-03-12T17:41:32.307679Z
312,2,36.2,4,5,3,2.67,2026-03-19T17:41:32.307679Z
312,3,35.9,3,2,2,2.59,2026-03-27T17:41:32.307679Z
312,4,31.9,3,3,0,2.6,2026-04-05T17:41:32.307679Z
312,5,16.9,2,3,3,2.47,2026-04-14T17:41:32.307679Z
312,6,15.8,4,4,0,2.38,2026-04-17T17:41:32.307679Z
312,7,21.8,6,4,1,2.38,2026-04-24T17:41:32.307679Z
312,8,4.5,3,2,3,2.43,2026-05-01T17:41:32.307679Z
313,1,30.9,6,5,1,2.73,2026-03-17T17:41:32.307679Z
313,2,30.9,5,2,3,2.65,2026-03-22T17:41:32.307679Z
313,3,22.6,7,3,0,2.5,2026-03-27T17:41:32.307679Z
313,4,17.5,5,4,2,2.55,2026-04-07T17:41:32.307679Z
313,5,25.8,3,1,1,2.46,2026-04-11T17:41:32.307679Z
313,6,26.4,6,4,2,2.31,2026-04-20T17:41:32.307679Z
313,7,16.9,4,4,4,2.38,2026-04-28T17:41:32.307679Z
313,8,9.3,0,1,2,2.27,2026-05-04T17:41:32.307679Z
314,1,52.0,6,2,1,2.6,2026-03-17T17:41:32.307679Z
314,2,48.8,6,2,1,2.65,2026-03-23T17:41:32.307679Z
314,3,44.5,5,2,1,2.57,2026-03-31T17:41:32.307679Z
314,4,34.2,4,4,0,2.64,2026-04-05T17:41:32.307679Z
314,5,34.7,4,3,1,2.5,2026-04-13T17:41:32.307679Z
314,6,33.4,4,4,1,2.36,2026-04-20T17:41:32.307679Z
314,7,11.3,3,3,1,2.3,2026-04-24T17:41:32.307679Z
314,8,40.9,2,2,0,2.41,2026-05-02T17:41:32.307679Z
315,1,53.3,5,3,1,2.46,2026-03-17T17:41:32.307679Z
315,2,49.7,4,1,1,2.35,2026-03-23T17:41:32.307679Z
315,3,52.0,5,2,3,2.31,2026-04-01T17:41:32.307679Z
315,4,39.6,6,3,0,2.42,2026-04-03T17:41:32.307679Z
315,5,36.7,0,3,0,2.32,2026-04-12T17:41:32.307679Z
315,6,35.1,0,1,2,2.3,2026-04-18T17:41:32.307679Z
315,7,40.0,6,4,2,2.3,2026-04-26T17:41:32.307679Z
315,8,41.3,1,5,1,2.25,2026-05-04T17:41:32.307679Z
316,1,35.0,4,1,0,2.83,2026-03-12T17:41:32.307679Z
316,2,30.8,6,1,1,2.73,2026-03-23T17:41:32.307679Z
316,3,30.1,4,2,3,2.79,2026-03-31T17:41:32.307679Z
316,4,29.5,4,2,2,2.66,2026-04-02T17:41:32.307679Z
316,5,19.1,1,2,1,2.58,2026-04-12T17:41:32.307679Z
316,6,14.6,7,3,2,2.51,2026-04-21T17:41:32.307679Z
316,7,8.2,2,1,2,2.61,2026-04-28T17:41:32.307679Z
316,8,21.2,4,4,1,2.38,2026-05-03T17:41:32.307679Z
317,1,21.3,4,4,2,3.38,2026-03-17T17:41:32.307679Z
317,2,18.9,5,4,3,3.22,2026-03-22T17:41:32.307679Z
317,3,23.4,4,3,2,3.21,2026-03-28T17:41:32.307679Z
317,4,19.9,0,2,2,3.08,2026-04-07T17:41:32.307679Z
317,5,1.0,6,3,2,3.0,2026-04-12T17:41:32.307679Z
317,6,4.8,2,2,3,2.96,2026-04-17T17:41:32.307679Z
317,7,5.6,2,3,1,2.93,2026-04-24T17:41:32.307679Z
317,8,6.7,0,2,1,2.86,2026-04-30T17:41:32.307679Z
318,1,44.9,2,3,2,2.96,2026-03-17T17:41:32.307679Z
318,2,43.3,3,2,3,2.94,2026-03-21T17:41:32.307679Z
318,3,42.3,6,2,2,2.77,2026-03-26T17:41:32.307679Z
318,4,40.1,6,3,2,2.79,2026-04-08T17:41:32.307679Z
318,5,28.2,3,1,2,2.71,2026-04-12T17:41:32.307679Z
318,6,48.7,4,2,1,2.61,2026-04-16T17:41:32.307679Z
318,7,15.5,0,3,0,2.6,2026-04-29T17:41:32.307679Z
318,8,31.7,6,6,1,2.6,2026-05-01T17:41:32.307679Z
319,1,58.5,8,0,0,2.92,2026-03-18T17:41:32.307679Z
319,2,53.9,6,0,2,2.9,2026-03-23T17:41:32.307679Z
319,3,50.6,6,3,3,2.77,2026-03-30T17:41:32.307679Z
319,4,43.5,2,3,2,2.84,2026-04-08T17:41:32.307679Z
319,5,44.7,3,0,2,2.8,2026-04-10T17:41:32.307679Z
319,6,54.5,0,1,2,2.71,2026-04-18T17:41:32.307679Z
319,7,45.9,3,2,0,2.67,2026-04-28T17:41:32.307679Z
319,8,22.5,4,4,2,2.56,2026-05-01T17:41:32.307679Z
320,1,39.4,6,1,1,2.64,2026-03-14T17:41:32.307679Z
320,2,42.5,6,3,0,2.58,2026-03-21T17:41:32.307679Z
320,3,34.0,6,3,1,2.49,2026-03-26T17:41:32.307679Z
320,4,32.1,7,3,2,2.55,2026-04-04T17:41:32.307679Z
320,5,39.7,6,4,2,2.46,2026-04-09T17:41:32.307679Z
320,6,35.0,3,2,1,2.46,2026-04-19T17:41:32.307679Z
320,7,38.9,1,1,2,2.25,2026-04-28T17:41:32.307679Z
320,8,34.3,3,1,1,2.29,2026-04-30T17:41:32.307679Z
321,1,18.3,3,6,2,3.76,2026-03-15T17:41:32.307679Z
321,2,19.6,3,0,2,3.64,2026-03-25T17:41:32.307679Z
321,3,18.1,4,0,3,3.58,2026-03-31T17:41:32.307679Z
321,4,14.6,9,4,2,3.48,2026-04-07T17:41:32.307679Z
321,5,21.2,1,3,3,3.54,2026-04-09T17:41:32.307679Z
321,6,16.4,0,3,3,3.5,2026-04-16T17:41:32.307679Z
321,7,2.9,0,2,0,3.41,2026-04-29T17:41:32.307679Z
321,8,6.2,4,2,0,3.45,2026-04-30T17:41:32.307679Z
322,1,39.9,1,3,2,3.35,2026-03-18T17:41:32.307679Z
322,2,38.4,5,2,3,3.2,2026-03-20T17:41:32.307679Z
322,3,34.6,8,3,1,3.31,2026-03-27T17:41:32.307679Z
322,4,23.2,3,1,0,3.15,2026-04-04T17:41:32.307679Z
322,5,30.6,4,3,1,3.07,2026-04-15T17:41:32.307679Z
322,6,36.8,7,3,1,3.14,2026-04-19T17:41:32.307679Z
322,7,18.9,0,4,1,3.02,2026-04-26T17:41:32.307679Z
322,8,4.3,4,3,0,2.95,2026-05-03T17:41:32.307679Z
323,1,49.6,7,2,4,2.6,2026-03-12T17:41:32.307679Z
323,2,43.8,2,5,0,2.61,2026-03-19T17:41:32.307679Z
323,3,34.1,4,3,3,2.58,2026-03-28T17:41:32.307679Z
323,4,25.3,2,4,0,2.57,2026-04-06T17:41:32.307679Z
323,5,29.1,5,4,1,2.38,2026-04-11T17:41:32.307679Z
323,6,19.8,4,0,0,2.49,2026-04-18T17:41:32.307679Z
323,7,9.4,6,4,0,2.43,2026-04-28T17:41:32.307679Z
323,8,20.6,5,2,3,2.28,2026-05-05T17:41:32.307679Z
324,1,52.8,5,3,2,3.47,2026-03-15T17:41:32.307679Z
324,2,54.9,4,3,2,3.43,2026-03-25T17:41:32.307679Z
324,3,54.2,3,4,1,3.4,2026-03-26T17:41:32.307679Z
324,4,55.0,6,5,0,3.24,2026-04-02T17:41:32.307679Z
324,5,52.4,4,1,2,3.15,2026-04-15T17:41:32.307679Z
324,6,22.0,4,2,0,3.1,2026-04-21T17:41:32.307679Z
324,7,37.4,3,1,1,3.18,2026-04-26T17:41:32.307679Z
324,8,21.9,0,3,2,2.99,2026-05-03T17:41:32.307679Z
325,1,26.8,6,0,0,3.79,2026-03-15T17:41:32.307679Z
325,2,19.8,5,4,2,3.79,2026-03-23T17:41:32.307679Z
325,3,24.8,0,3,2,3.61,2026-03-29T17:41:32.307679Z
325,4,14.9,2,3,2,3.54,2026-04-08T17:41:32.307679Z
325,5,19.0,8,2,2,3.5,2026-04-09T17:41:32.307679Z
325,6,14.0,5,4,2,3.57,2026-04-21T17:41:32.307679Z
325,7,20.5,6,4,2,3.49,2026-04-26T17:41:32.307679Z
325,8,10.1,4,2,2,3.47,2026-05-03T17:41:32.307679Z
326,1,47.9,4,2,1,3.76,2026-03-15T17:41:32.307679Z
326,2,42.7,9,4,2,3.68,2026-03-20T17:41:32.307679Z
326,3,44.2,6,3,2,3.65,2026-03-30T17:41:32.307679Z
326,4,37.2,1,4,1,3.59,2026-04-04T17:41:32.307679Z
326,5,28.4,2,0,1,3.55,2026-04-13T17:41:32.307679Z
326,6,22.4,3,2,2,3.49,2026-04-16T17:41:32.307679Z
326,7,31.4,3,5,1,3.45,2026-04-29T17:41:32.307679Z
326,8,35.4,6,2,2,3.32,2026-05-01T17:41:32.307679Z
327,1,23.1,6,3,0,3.45,2026-03-12T17:41:32.307679Z
327,2,17.3,7,4,3,3.35,2026-03-23T17:41:32.307679Z
327,3,20.4,5,1,1,3.3,2026-03-26T17:41:32.307679Z
327,4,16.5,3,4,2,3.38,2026-04-03T17:41:32.307679Z
327,5,23.1,0,4,0,3.18,2026-04-11T17:41:32.307679Z
327,6,20.5,2,2,2,3.2,2026-04-16T17:41:32.307679Z
327,7,1.0,5,1,3,3.08,2026-04-24T17:41:32.307679Z
327,8,11.1,1,4,1,3.2,2026-05-02T17:41:32.307679Z
328,1,42.9,4,4,0,2.89,2026-03-15T17:41:32.307679Z
328,2,40.2,2,0,2,2.85,2026-03-19T17:41:32.307679Z
328,3,41.4,6,3,2,2.64,2026-03-28T17:41:32.307679Z
328,4,33.4,3,4,1,2.7,2026-04-03T17:41:32.307679Z
328,5,22.9,2,3,2,2.69,2026-04-10T17:41:32.307679Z
328,6,12.7,2,1,2,2.47,2026-04-22T17:41:32.307679Z
328,7,22.3,4,4,1,2.48,2026-04-24T17:41:32.307679Z
328,8,20.9,3,2,1,2.4,2026-05-03T17:41:32.307679Z
329,1,25.8,4,1,1,3.52,2026-03-17T17:41:32.307679Z
329,2,26.3,4,0,3,3.51,2026-03-23T17:41:32.307679Z
329,3,32.6,8,5,2,3.46,2026-04-01T17:41:32.307679Z
329,4,27.9,1,3,1,3.54,2026-04-06T17:41:32.307679Z
329,5,27.4,3,2,2,3.39,2026-04-10T17:41:32.307679Z
329,6,19.9,7,4,1,3.29,2026-04-17T17:41:32.307679Z
329,7,5.5,3,1,2,3.4,2026-04-24T17:41:32.307679Z
329,8,1.0,2,3,0,3.18,2026-05-06T17:41:32.307679Z
330,1,36.8,4,2,2,3.19,2026-03-13T17:41:32.307679Z
330,2,31.9,7,4,1,3.13,2026-03-25T17:41:32.307679Z
330,3,28.2,4,1,1,3.22,2026-04-01T17:41:32.307679Z
330,4,29.0,3,4,3,3.1,2026-04-04T17:41:32.307679Z
330,5,17.1,6,1,0,2.98,2026-04-10T17:41:32.307679Z
330,6,6.2,0,4,2,3.02,2026-04-18T17:41:32.307679Z
330,7,34.5,1,4,2,2.97,2026-04-26T17:41:32.307679Z
330,8,26.7,0,3,2,2.89,2026-04-30T17:41:32.307679Z
331,1,50.3,6,4,3,2.58,2026-03-18T17:41:32.307679Z
331,2,49.2,4,2,2,2.68,2026-03-24T17:41:32.307679Z
331,3,49.0,7,4,2,2.57,2026-03-31T17:41:32.307679Z
331,4,35.1,4,2,4,2.45,2026-04-03T17:41:32.307679Z
331,5,40.2,2,3,1,2.37,2026-04-10T17:41:32.307679Z
331,6,22.9,3,2,1,2.35,2026-04-22T17:41:32.307679Z
331,7,49.9,0,3,1,2.37,2026-04-24T17:41:32.307679Z
331,8,34.8,1,3,1,2.22,2026-05-04T17:41:32.307679Z
332,1,31.2,4,1,2,3.81,2026-03-12T17:41:32.307679Z
332,2,28.1,5,1,2,3.7,2026-03-25T17:41:32.307679Z
332,3,27.2,6,1,0,3.61,2026-03-26T17:41:32.307679Z
332,4,24.2,0,4,2,3.62,2026-04-07T17:41:32.307679Z
332,5,21.8,6,3,0,3.5,2026-04-13T17:41:32.307679Z
332,6,16.8,0,0,1,3.44,2026-04-19T17:41:32.307679Z
332,7,3.6,2,3,1,3.42,2026-04-28T17:41:32.307679Z
332,8,1.6,1,2,2,3.43,2026-05-06T17:41:32.307679Z
333,1,31.7,3,2,2,2.98,2026-03-13T17:41:32.307679Z
333,2,33.6,4,4,1,3.06,2026-03-21T17:41:32.307679Z
333,3,27.9,5,5,3,2.88,2026-03-27T17:41:32.307679Z
333,4,15.9,2,2,2,2.92,2026-04-06T17:41:32.307679Z
333,5,27.6,3,1,2,2.77,2026-04-12T17:41:32.307679Z
333,6,18.4,6,3,1,2.88,2026-04-20T17:41:32.307679Z
333,7,16.7,6,4,1,2.71,2026-04-23T17:41:32.307679Z
333,8,33.3,2,1,1,2.76,2026-05-04T17:41:32.307679Z
334,1,44.4,7,4,1,2.61,2026-03-12T17:41:32.307679Z
334,2,35.6,4,2,2,2.63,2026-03-22T17:41:32.307679Z
334,3,45.3,1,4,0,2.53,2026-03-28T17:41:32.307679Z
334,4,41.1,4,3,1,2.57,2026-04-03T17:41:32.307679Z
334,5,30.7,1,3,1,2.45,2026-04-09T17:41:32.307679Z
334,6,42.3,4,3,2,2.35,2026-04-22T17:41:32.307679Z
334,7,20.4,4,3,2,2.32,2026-04-25T17:41:32.307679Z
334,8,36.3,3,4,3,2.34,2026-05-03T17:41:32.307679Z
335,1,38.6,1,4,3,3.78,2026-03-14T17:41:32.307679Z
335,2,32.0,5,5,1,3.87,2026-03-25T17:41:32.307679Z
335,3,36.2,3,4,0,3.81,2026-03-29T17:41:32.307679Z
335,4,28.3,6,4,3,3.6,2026-04-03T17:41:32.307679Z
335,5,29.1,2,5,3,3.59,2026-04-11T17:41:32.307679Z
335,6,24.3,4,3,3,3.61,2026-04-19T17:41:32.307679Z
335,7,23.2,5,5,2,3.49,2026-04-29T17:41:32.307679Z
335,8,6.0,0,1,1,3.49,2026-05-01T17:41:32.307679Z
336,1,42.2,5,2,1,3.57,2026-03-14T17:41:32.307679Z
336,2,42.2,6,3,2,3.51,2026-03-21T17:41:32.307679Z
336,3,32.3,4,2,2,3.42,2026-03-31T17:41:32.307679Z
336,4,31.0,1,4,0,3.5,2026-04-04T17:41:32.307679Z
336,5,35.3,5,2,2,3.45,2026-04-09T17:41:32.307679Z
336,6,23.9,4,1,0,3.43,2026-04-18T17:41:32.307679Z
336,7,11.9,5,5,2,3.39,2026-04-29T17:41:32.307679Z
336,8,39.4,0,3,1,3.23,2026-05-04T17:41:32.307679Z
337,1,46.4,1,3,1,3.41,2026-03-14T17:41:32.307679Z
337,2,49.8,4,1,0,3.28,2026-03-21T17:41:32.307679Z
337,3,36.8,4,1,1,3.3,2026-03-29T17:41:32.307679Z
337,4,44.3,4,1,1,3.19,2026-04-07T17:41:32.307679Z
337,5,36.4,4,1,2,3.17,2026-04-10T17:41:32.307679Z
337,6,41.2,0,0,3,3.19,2026-04-21T17:41:32.307679Z
337,7,35.6,5,3,0,3.02,2026-04-27T17:41:32.307679Z
337,8,19.7,2,3,1,3.0,2026-05-01T17:41:32.307679Z
338,1,39.6,2,2,2,2.9,2026-03-12T17:41:32.307679Z
338,2,36.6,1,4,1,2.66,2026-03-24T17:41:32.307679Z
338,3,36.0,5,3,1,2.78,2026-03-29T17:41:32.307679Z
338,4,31.8,4,1,1,2.7,2026-04-02T17:41:32.307679Z
338,5,30.2,5,0,1,2.69,2026-04-14T17:41:32.307679Z
338,6,11.2,4,3,3,2.57,2026-04-22T17:41:32.307679Z
338,7,16.2,8,5,2,2.5,2026-04-27T17:41:32.307679Z
338,8,38.5,0,5,1,2.51,2026-05-01T17:41:32.307679Z
339,1,33.6,1,4,1,3.2,2026-03-13T17:41:32.307679Z
339,2,40.5,3,1,1,3.17,2026-03-19T17:41:32.307679Z
339,3,27.8,2,5,1,3.01,2026-03-28T17:41:32.307679Z
339,4,25.7,1,2,2,3.01,2026-04-03T17:41:32.307679Z
339,5,35.4,2,2,0,2.99,2026-04-11T17:41:32.307679Z
339,6,35.7,8,2,1,2.99,2026-04-22T17:41:32.307679Z
339,7,33.1,5,1,1,2.89,2026-04-26T17:41:32.307679Z
339,8,22.3,0,5,2,2.93,2026-05-02T17:41:32.307679Z
340,1,48.0,2,1,2,3.49,2026-03-18T17:41:32.307679Z
340,2,47.7,4,4,1,3.55,2026-03-24T17:41:32.307679Z
340,3,38.7,5,4,3,3.5,2026-03-27T17:41:32.307679Z
340,4,37.1,4,2,2,3.27,2026-04-07T17:41:32.307679Z
340,5,33.8,7,0,2,3.25,2026-04-10T17:41:32.307679Z
340,6,27.7,3,4,3,3.23,2026-04-18T17:41:32.307679Z
340,7,14.5,5,2,2,3.22,2026-04-27T17:41:32.307679Z
340,8,10.5,3,3,3,3.19,2026-04-30T17:41:32.307679Z
341,1,23.9,7,4,3,3.24,2026-03-15T17:41:32.307679Z
341,2,16.9,2,1,1,3.33,2026-03-20T17:41:32.307679Z
341,3,15.1,2,0,3,3.24,2026-03-28T17:41:32.307679Z
341,4,15.1,4,3,1,3.19,2026-04-07T17:41:32.307679Z
341,5,21.9,2,0,2,3.01,2026-04-14T17:41:32.307679Z
341,6,15.8,3,2,1,3.09,2026-04-18T17:41:32.307679Z
341,7,16.2,0,1,2,2.98,2026-04-23T17:41:32.307679Z
341,8,19.4,4,1,1,3.02,2026-05-05T17:41:32.307679Z
342,1,21.8,7,4,2,3.48,2026-03-17T17:41:32.307679Z
342,2,19.0,6,3,3,3.32,2026-03-25T17:41:32.307679Z
342,3,21.7,2,3,3,3.41,2026-04-01T17:41:32.307679Z
342,4,17.2,3,4,0,3.27,2026-04-02T17:41:32.307679Z
342,5,16.1,1,3,1,3.26,2026-04-12T17:41:32.307679Z
342,6,14.8,3,4,2,3.14,2026-04-22T17:41:32.307679Z
342,7,8.4,5,2,1,3.13,2026-04-27T17:41:32.307679Z
342,8,1.0,2,4,0,3.0,2026-05-05T17:41:32.307679Z
343,1,20.9,6,4,1,2.87,2026-03-12T17:41:32.307679Z
343,2,20.7,4,1,1,2.77,2026-03-21T17:41:32.307679Z
343,3,22.3,8,1,1,2.87,2026-03-30T17:41:32.307679Z
343,4,10.1,3,3,2,2.75,2026-04-05T17:41:32.307679Z
343,5,1.0,0,2,1,2.77,2026-04-12T17:41:32.307679Z
343,6,17.9,3,2,2,2.64,2026-04-22T17:41:32.307679Z
343,7,1.0,3,2,2,2.52,2026-04-29T17:41:32.307679Z
343,8,1.0,5,3,2,2.44,2026-04-30T17:41:32.307679Z
344,1,33.6,6,2,0,2.49,2026-03-18T17:41:32.307679Z
344,2,31.3,2,3,2,2.48,2026-03-23T17:41:32.307679Z
344,3,28.7,6,3,1,2.55,2026-04-01T17:41:32.307679Z
344,4,18.1,3,1,1,2.45,2026-04-08T17:41:32.307679Z
344,5,13.4,3,0,1,2.28,2026-04-13T17:41:32.307679Z
344,6,4.0,1,3,2,2.29,2026-04-17T17:41:32.307679Z
344,7,34.8,5,2,2,2.36,2026-04-27T17:41:32.307679Z
344,8,1.0,2,4,1,2.32,2026-05-06T17:41:32.307679Z
345,1,43.3,6,1,2,3.95,2026-03-14T17:41:32.307679Z
345,2,44.7,4,1,2,3.83,2026-03-23T17:41:32.307679Z
345,3,35.0,1,3,1,3.95,2026-03-28T17:41:32.307679Z
345,4,21.6,1,3,4,3.81,2026-04-02T17:41:32.307679Z
345,5,22.9,6,2,0,3.83,2026-04-09T17:41:32.307679Z
345,6,41.4,3,0,2,3.62,2026-04-18T17:41:32.307679Z
345,7,38.8,3,0,2,3.7,2026-04-29T17:41:32.307679Z
345,8,19.0,3,2,1,3.55,2026-05-03T17:41:32.307679Z
346,1,30.1,6,0,1,3.15,2026-03-16T17:41:32.307679Z
346,2,25.4,8,1,2,3.23,2026-03-22T17:41:32.307679Z
346,3,20.1,4,3,2,3.16,2026-03-29T17:41:32.307679Z
346,4,24.7,4,0,0,3.07,2026-04-07T17:41:32.307679Z
346,5,17.2,2,4,2,3.06,2026-04-13T17:41:32.307679Z
346,6,15.0,6,0,3,2.85,2026-04-22T17:41:32.307679Z
346,7,28.0,1,2,1,2.94,2026-04-23T17:41:32.307679Z
346,8,17.6,2,2,3,2.86,2026-05-05T17:41:32.307679Z
347,1,33.6,2,0,2,3.42,2026-03-18T17:41:32.307679Z
347,2,32.0,4,2,2,3.36,2026-03-19T17:41:32.307679Z
347,3,20.2,7,1,2,3.31,2026-03-31T17:41:32.307679Z
347,4,29.7,4,3,0,3.3,2026-04-02T17:41:32.307679Z
347,5,27.6,4,1,1,3.3,2026-04-14T17:41:32.307679Z
347,6,33.4,2,2,1,3.12,2026-04-20T17:41:32.307679Z
347,7,5.4,4,2,0,3.18,2026-04-28T17:41:32.307679Z
347,8,26.9,3,3,2,2.99,2026-05-03T17:41:32.307679Z
348,1,32.1,8,3,1,3.82,2026-03-16T17:41:32.307679Z
348,2,33.6,4,3,2,3.82,2026-03-24T17:41:32.307679Z
348,3,32.6,7,4,2,3.77,2026-04-01T17:41:32.307679Z
348,4,23.9,1,1,0,3.69,2026-04-05T17:41:32.307679Z
348,5,27.9,3,4,2,3.55,2026-04-10T17:41:32.307679Z
348,6,8.4,3,2,1,3.62,2026-04-22T17:41:32.307679Z
348,7,12.3,4,4,1,3.38,2026-04-26T17:41:32.307679Z
348,8,1.0,1,2,3,3.46,2026-05-06T17:41:32.307679Z
349,1,25.0,8,1,3,3.26,2026-03-17T17:41:32.307679Z
349,2,23.0,6,2,2,3.2,2026-03-25T17:41:32.307679Z
349,3,15.3,0,4,2,3.25,2026-03-29T17:41:32.307679Z
349,4,4.3,5,3,1,3.12,2026-04-07T17:41:32.307679Z
349,5,4.6,1,4,2,3.18,2026-04-13T17:41:32.307679Z
349,6,8.5,3,3,1,2.96,2026-04-19T17:41:32.307679Z
349,7,17.0,2,3,0,3.03,2026-04-26T17:41:32.307679Z
349,8,6.2,2,2,1,3.02,2026-05-04T17:41:32.307679Z
350,1,24.8,5,3,1,2.63,2026-03-13T17:41:32.307679Z
350,2,20.3,5,1,2,2.62,2026-03-23T17:41:32.307679Z
350,3,20.9,1,1,2,2.6,2026-03-30T17:41:32.307679Z
350,4,10.3,3,4,1,2.59,2026-04-05T17:41:32.307679Z
350,5,1.0,3,4,0,2.39,2026-04-11T17:41:32.307679Z
350,6,4.0,0,2,2,2.39,2026-04-20T17:41:32.307679Z
350,7,19.1,2,2,1,2.4,2026-04-27T17:41:32.307679Z
350,8,16.7,2,4,0,2.31,2026-05-03T17:41:32.307679Z
351,1,25.0,6,4,3,2.73,2026-03-13T17:41:32.307679Z
351,2,19.5,5,4,0,2.66,2026-03-22T17:41:32.307679Z
351,3,21.0,1,3,2,2.63,2026-03-27T17:41:32.307679Z
351,4,25.7,0,4,2,2.51,2026-04-04T17:41:32.307679Z
351,5,5.2,5,3,1,2.54,2026-04-15T17:41:32.307679Z
351,6,22.7,0,2,2,2.41,2026-04-17T17:41:32.307679Z
351,7,17.8,3,4,1,2.36,2026-04-26T17:41:32.307679Z
351,8,1.0,5,2,2,2.46,2026-05-05T17:41:32.307679Z
352,1,55.8,2,3,1,3.96,2026-03-17T17:41:32.307679Z
352,2,53.1,1,6,1,3.9,2026-03-22T17:41:32.307679Z
352,3,49.9,3,3,2,3.82,2026-03-29T17:41:32.307679Z
352,4,54.5,8,1,2,3.63,2026-04-07T17:41:32.307679Z
352,5,49.0,10,2,1,3.74,2026-04-09T17:41:32.307679Z
352,6,38.7,0,5,2,3.64,2026-04-17T17:41:32.307679Z
352,7,55.2,1,3,2,3.62,2026-04-28T17:41:32.307679Z
352,8,40.3,2,4,2,3.6,2026-05-02T17:41:32.307679Z
353,1,26.7,5,3,0,2.87,2026-03-15T17:41:32.307679Z
353,2,27.6,6,3,2,2.72,2026-03-20T17:41:32.307679Z
353,3,25.0,4,4,1,2.61,2026-03-31T17:41:32.307679Z
353,4,27.8,5,2,5,2.54,2026-04-06T17:41:32.307679Z
353,5,28.4,4,4,3,2.58,2026-04-09T17:41:32.307679Z
353,6,12.5,7,3,1,2.56,2026-04-18T17:41:32.307679Z
353,7,4.5,2,4,0,2.39,2026-04-26T17:41:32.307679Z
353,8,17.5,6,2,1,2.44,2026-05-01T17:41:32.307679Z
354,1,27.9,6,2,2,2.49,2026-03-17T17:41:32.307679Z
354,2,17.1,7,4,2,2.45,2026-03-20T17:41:32.307679Z
354,3,12.8,3,0,2,2.49,2026-03-31T17:41:32.307679Z
354,4,20.6,4,2,2,2.33,2026-04-03T17:41:32.307679Z
354,5,11.2,2,2,1,2.33,2026-04-09T17:41:32.307679Z
354,6,1.0,3,0,2,2.3,2026-04-17T17:41:32.307679Z
354,7,1.0,1,0,0,2.21,2026-04-26T17:41:32.307679Z
354,8,2.3,3,2,1,2.24,2026-05-06T17:41:32.307679Z
355,1,25.4,5,0,0,3.83,2026-03-15T17:41:32.307679Z
355,2,24.1,7,5,1,3.67,2026-03-22T17:41:32.307679Z
355,3,24.1,3,2,1,3.68,2026-04-01T17:41:32.307679Z
355,4,16.0,3,1,1,3.57,2026-04-06T17:41:32.307679Z
355,5,5.0,5,2,3,3.64,2026-04-15T17:41:32.307679Z
355,6,20.7,4,0,0,3.46,2026-04-22T17:41:32.307679Z
355,7,15.1,2,3,1,3.42,2026-04-26T17:41:32.307679Z
355,8,18.1,0,2,0,3.5,2026-05-04T17:41:32.307679Z
356,1,48.3,3,1,1,2.51,2026-03-12T17:41:32.307679Z
356,2,50.6,5,2,0,2.64,2026-03-20T17:41:32.307679Z
356,3,44.5,7,2,1,2.45,2026-03-31T17:41:32.307679Z
356,4,48.3,6,1,2,2.46,2026-04-08T17:41:32.307679Z
356,5,39.9,7,6,2,2.42,2026-04-12T17:41:32.307679Z
356,6,52.1,5,4,1,2.34,2026-04-16T17:41:32.307679Z
356,7,34.2,2,0,1,2.29,2026-04-26T17:41:32.307679Z
356,8,21.6,5,0,1,2.22,2026-04-30T17:41:32.307679Z
357,1,49.6,4,5,0,3.0,2026-03-12T17:41:32.307679Z
357,2,48.6,7,2,2,3.0,2026-03-19T17:41:32.307679Z
357,3,35.6,5,1,1,2.81,2026-03-28T17:41:32.307679Z
357,4,41.9,4,1,2,2.93,2026-04-04T17:41:32.307679Z
357,5,42.4,5,2,2,2.79,2026-04-09T17:41:32.307679Z
357,6,17.1,1,1,2,2.64,2026-04-19T17:41:32.307679Z
357,7,29.6,3,1,1,2.72,2026-04-25T17:41:32.307679Z
357,8,46.0,2,2,2,2.57,2026-05-02T17:41:32.307679Z
358,1,55.4,3,3,3,2.83,2026-03-16T17:41:32.307679Z
358,2,52.4,7,1,2,2.79,2026-03-21T17:41:32.307679Z
358,3,48.3,4,1,2,2.7,2026-03-30T17:41:32.307679Z
358,4,53.5,3,3,2,2.77,2026-04-02T17:41:32.307679Z
358,5,53.3,3,3,1,2.6,2026-04-13T17:41:32.307679Z
358,6,28.9,1,4,2,2.66,2026-04-20T17:41:32.307679Z
358,7,28.1,4,1,0,2.65,2026-04-27T17:41:32.307679Z
358,8,14.0,3,2,5,2.55,2026-04-30T17:41:32.307679Z
359,1,23.5,4,3,2,3.06,2026-03-17T17:41:32.307679Z
359,2,30.3,7,3,1,3.0,2026-03-24T17:41:32.307679Z
359,3,17.9,4,3,1,3.04,2026-03-26T17:41:32.307679Z
359,4,30.7,7,5,2,2.88,2026-04-03T17:41:32.307679Z
359,5,15.9,5,3,3,2.9,2026-04-15T17:41:32.307679Z
359,6,24.4,5,0,0,2.83,2026-04-22T17:41:32.307679Z
359,7,12.6,5,4,1,2.79,2026-04-26T17:41:32.307679Z
359,8,11.8,0,5,1,2.65,2026-05-03T17:41:32.307679Z
360,1,51.7,5,4,2,4.01,2026-03-18T17:41:32.307679Z
360,2,49.4,3,2,0,3.9,2026-03-23T17:41:32.307679Z
360,3,41.9,4,2,2,3.92,2026-03-31T17:41:32.307679Z
360,4,41.8,3,3,1,3.82,2026-04-05T17:41:32.307679Z
360,5,42.7,8,5,2,3.77,2026-04-15T17:41:32.307679Z
360,6,33.4,3,1,0,3.71,2026-04-22T17:41:32.307679Z
360,7,34.4,3,1,1,3.62,2026-04-26T17:41:32.307679Z
360,8,18.1,2,1,1,3.65,2026-05-06T17:41:32.307679Z
361,1,17.3,4,1,0,3.13,2026-03-16T17:41:32.307679Z
361,2,17.3,5,3,2,3.15,2026-03-19T17:41:32.307679Z
361,3,23.6,4,1,2,3.07,2026-03-31T17:41:32.307679Z
361,4,5.0,0,3,1,2.97,2026-04-05T17:41:32.307679Z
361,5,9.0,6,4,1,2.87,2026-04-13T17:41:32.307679Z
361,6,21.8,4,4,1,2.92,2026-04-22T17:41:32.307679Z
361,7,1.7,1,2,3,2.74,2026-04-27T17:41:32.307679Z
361,8,8.3,3,1,1,2.76,2026-05-03T17:41:32.307679Z
362,1,53.2,2,3,3,2.85,2026-03-15T17:41:32.307679Z
362,2,50.0,0,2,2,2.69,2026-03-24T17:41:32.307679Z
362,3,44.7,3,2,3,2.72,2026-03-27T17:41:32.307679Z
362,4,37.8,6,0,1,2.73,2026-04-08T17:41:32.307679Z
362,5,34.9,6,5,1,2.7,2026-04-12T17:41:32.307679Z
362,6,35.1,1,0,0,2.47,2026-04-20T17:41:32.307679Z
362,7,48.1,4,4,0,2.46,2026-04-25T17:41:32.307679Z
362,8,15.2,4,4,1,2.43,2026-05-03T17:41:32.307679Z
363,1,56.1,3,4,0,2.91,2026-03-13T17:41:32.307679Z
363,2,47.8,5,2,2,2.87,2026-03-22T17:41:32.307679Z
363,3,50.0,6,5,2,2.73,2026-03-28T17:41:32.307679Z
363,4,47.3,3,3,0,2.79,2026-04-04T17:41:32.307679Z
363,5,49.7,1,3,2,2.62,2026-04-15T17:41:32.307679Z
363,6,43.9,2,1,2,2.56,2026-04-16T17:41:32.307679Z
363,7,43.7,2,3,2,2.49,2026-04-24T17:41:32.307679Z
363,8,18.7,2,3,1,2.52,2026-05-03T17:41:32.307679Z
364,1,28.9,4,2,3,3.52,2026-03-15T17:41:32.307679Z
364,2,21.2,5,3,1,3.42,2026-03-21T17:41:32.307679Z
364,3,16.2,2,4,1,3.36,2026-03-28T17:41:32.307679Z
364,4,26.7,9,3,3,3.34,2026-04-05T17:41:32.307679Z
364,5,4.8,5,3,2,3.19,2026-04-12T17:41:32.307679Z
364,6,6.5,4,4,2,3.19,2026-04-19T17:41:32.307679Z
364,7,1.0,5,1,1,3.14,2026-04-27T17:41:32.307679Z
364,8,1.0,1,4,2,3.01,2026-05-04T17:41:32.307679Z
365,1,31.4,5,2,1,3.66,2026-03-14T17:41:32.307679Z
365,2,32.8,6,2,0,3.52,2026-03-25T17:41:32.307679Z
365,3,34.5,5,2,2,3.5,2026-03-29T17:41:32.307679Z
365,4,27.8,0,2,0,3.42,2026-04-07T17:41:32.307679Z
365,5,34.0,3,6,2,3.27,2026-04-09T17:41:32.307679Z
365,6,29.1,3,3,1,3.34,2026-04-19T17:41:32.307679Z
365,7,10.1,4,1,2,3.31,2026-04-29T17:41:32.307679Z
365,8,23.0,2,2,1,3.23,2026-05-06T17:41:32.307679Z
366,1,40.4,4,2,2,3.55,2026-03-14T17:41:32.307679Z
366,2,43.5,1,5,1,3.4,2026-03-20T17:41:32.307679Z
366,3,40.9,1,5,3,3.46,2026-03-31T17:41:32.307679Z
366,4,23.9,4,4,1,3.38,2026-04-02T17:41:32.307679Z
366,5,26.9,1,3,2,3.3,2026-04-12T17:41:32.307679Z
366,6,12.8,4,4,0,3.22,2026-04-22T17:41:32.307679Z
366,7,8.7,2,1,1,3.16,2026-04-24T17:41:32.307679Z
366,8,16.8,1,0,1,3.19,2026-05-04T17:41:32.307679Z
367,1,50.8,3,4,1,2.6,2026-03-12T17:41:32.307679Z
367,2,43.0,6,3,1,2.58,2026-03-25T17:41:32.307679Z
367,3,43.5,5,2,2,2.46,2026-03-29T17:41:32.307679Z
367,4,47.7,0,2,2,2.51,2026-04-08T17:41:32.307679Z
367,5,45.1,1,4,1,2.37,2026-04-10T17:41:32.307679Z
367,6,34.4,5,3,1,2.31,2026-04-20T17:41:32.307679Z
367,7,45.2,5,0,2,2.44,2026-04-28T17:41:32.307679Z
367,8,14.4,1,2,0,2.36,2026-05-06T17:41:32.307679Z
368,1,56.3,2,2,2,3.61,2026-03-12T17:41:32.307679Z
368,2,59.5,8,3,1,3.7,2026-03-21T17:41:32.307679Z
368,3,56.6,7,4,1,3.5,2026-03-26T17:41:32.307679Z
368,4,58.6,7,1,1,3.51,2026-04-08T17:41:32.307679Z
368,5,46.8,3,2,2,3.42,2026-04-12T17:41:32.307679Z
368,6,38.5,3,2,1,3.42,2026-04-18T17:41:32.307679Z
368,7,36.3,2,1,2,3.31,2026-04-23T17:41:32.307679Z
368,8,49.5,2,2,3,3.33,2026-05-01T17:41:32.307679Z
369,1,48.2,6,3,3,3.94,2026-03-14T17:41:32.307679Z
369,2,39.0,5,3,0,3.85,2026-03-23T17:41:32.307679Z
369,3,32.5,6,0,1,3.88,2026-03-26T17:41:32.307679Z
369,4,36.2,2,2,1,3.75,2026-04-02T17:41:32.307679Z
369,5,36.4,5,2,1,3.81,2026-04-14T17:41:32.307679Z
369,6,43.0,5,3,1,3.72,2026-04-16T17:41:32.307679Z
369,7,31.4,1,3,2,3.58,2026-04-27T17:41:32.307679Z
369,8,16.7,3,4,1,3.65,2026-05-01T17:41:32.307679Z
370,1,57.5,4,3,1,3.3,2026-03-13T17:41:32.307679Z
370,2,45.4,8,1,3,3.15,2026-03-24T17:41:32.307679Z
370,3,47.7,4,2,2,3.12,2026-03-30T17:41:32.307679Z
370,4,49.4,6,3,2,3.1,2026-04-02T17:41:32.307679Z
370,5,31.4,3,1,2,3.04,2026-04-10T17:41:32.307679Z
370,6,44.3,1,0,3,2.99,2026-04-19T17:41:32.307679Z
370,7,33.6,2,4,1,3.03,2026-04-28T17:41:32.307679Z
370,8,24.4,3,3,3,2.96,2026-05-03T17:41:32.307679Z
371,1,46.6,2,2,2,3.75,2026-03-15T17:41:32.307679Z
371,2,35.9,6,1,0,3.85,2026-03-22T17:41:32.307679Z
371,3,38.9,5,2,2,3.63,2026-04-01T17:41:32.307679Z
371,4,42.0,2,6,2,3.63,2026-04-02T17:41:32.307679Z
371,5,41.4,2,3,2,3.53,2026-04-12T17:41:32.307679Z
371,6,26.2,0,4,1,3.59,2026-04-21T17:41:32.307679Z
371,7,33.7,0,1,2,3.53,2026-04-29T17:41:32.307679Z
371,8,24.7,2,2,1,3.39,2026-05-05T17:41:32.307679Z
372,1,46.7,6,4,2,3.11,2026-03-15T17:41:32.307679Z
372,2,46.9,6,1,1,2.99,2026-03-24T17:41:32.307679Z
372,3,47.2,2,2,1,3.04,2026-03-29T17:41:32.307679Z
372,4,33.5,3,1,1,2.88,2026-04-06T17:41:32.307679Z
372,5,34.7,3,2,3,2.92,2026-04-13T17:41:32.307679Z
372,6,46.6,5,3,0,2.87,2026-04-16T17:41:32.307679Z
372,7,44.4,3,1,1,2.72,2026-04-29T17:41:32.307679Z
372,8,22.2,4,2,3,2.8,2026-05-04T17:41:32.307679Z
373,1,55.0,4,4,2,2.49,2026-03-18T17:41:32.307679Z
373,2,57.7,5,3,0,2.42,2026-03-24T17:41:32.307679Z
373,3,49.3,1,1,2,2.39,2026-04-01T17:41:32.307679Z
373,4,53.0,7,3,2,2.31,2026-04-06T17:41:32.307679Z
373,5,36.4,4,2,0,2.33,2026-04-14T17:41:32.307679Z
373,6,55.4,5,3,2,2.36,2026-04-21T17:41:32.307679Z
373,7,45.2,1,1,1,2.31,2026-04-24T17:41:32.307679Z
373,8,44.2,1,3,2,2.16,2026-05-01T17:41:32.307679Z
374,1,33.0,4,1,1,3.71,2026-03-12T17:41:32.307679Z
374,2,30.1,7,4,1,3.69,2026-03-22T17:41:32.307679Z
374,3,25.6,5,5,1,3.47,2026-03-30T17:41:32.307679Z
374,4,26.1,3,3,2,3.42,2026-04-05T17:41:32.307679Z
374,5,19.3,5,3,1,3.36,2026-04-11T17:41:32.307679Z
374,6,18.7,3,2,1,3.32,2026-04-22T17:41:32.307679Z
374,7,26.8,5,5,2,3.44,2026-04-29T17:41:32.307679Z
374,8,12.7,4,7,0,3.36,2026-04-30T17:41:32.307679Z
375,1,51.5,8,2,1,3.49,2026-03-14T17:41:32.307679Z
375,2,55.6,8,4,1,3.29,2026-03-22T17:41:32.307679Z
375,3,54.1,5,2,3,3.22,2026-03-30T17:41:32.307679Z
375,4,44.0,0,3,1,3.29,2026-04-02T17:41:32.307679Z
375,5,32.2,6,1,3,3.29,2026-04-15T17:41:32.307679Z
375,6,50.9,5,4,1,3.05,2026-04-20T17:41:32.307679Z
375,7,36.6,2,3,2,3.13,2026-04-25T17:41:32.307679Z
375,8,49.2,1,2,0,3.07,2026-05-03T17:41:32.307679Z
376,1,37.0,2,3,2,3.18,2026-03-17T17:41:32.307679Z
376,2,37.2,8,6,3,3.14,2026-03-23T17:41:32.307679Z
376,3,23.8,3,2,1,3.21,2026-03-26T17:41:32.307679Z
376,4,19.7,4,4,2,3.1,2026-04-07T17:41:32.307679Z
376,5,30.3,0,2,0,3.0,2026-04-14T17:41:32.307679Z
376,6,22.3,9,3,2,2.99,2026-04-19T17:41:32.307679Z
376,7,8.8,2,1,0,2.97,2026-04-25T17:41:32.307679Z
376,8,22.2,1,0,1,2.93,2026-04-30T17:41:32.307679Z
377,1,23.2,3,4,4,2.6,2026-03-14T17:41:32.307679Z
377,2,14.5,3,5,4,2.6,2026-03-24T17:41:32.307679Z
377,3,16.7,1,4,1,2.51,2026-04-01T17:41:32.307679Z
377,4,16.3,5,4,2,2.61,2026-04-04T17:41:32.307679Z
377,5,15.8,5,2,0,2.53,2026-04-11T17:41:32.307679Z
377,6,22.0,0,0,2,2.48,2026-04-16T17:41:32.307679Z
377,7,1.0,1,3,2,2.45,2026-04-29T17:41:32.307679Z
377,8,13.4,3,4,2,2.24,2026-05-04T17:41:32.307679Z
378,1,50.4,5,3,2,2.61,2026-03-12T17:41:32.307679Z
378,2,45.3,5,4,1,2.6,2026-03-23T17:41:32.307679Z
378,3,39.7,5,3,1,2.57,2026-04-01T17:41:32.307679Z
378,4,45.5,1,3,0,2.62,2026-04-04T17:41:32.307679Z
378,5,36.1,5,2,1,2.47,2026-04-10T17:41:32.307679Z
378,6,45.3,6,0,0,2.33,2026-04-19T17:41:32.307679Z
378,7,39.8,4,2,0,2.4,2026-04-26T17:41:32.307679Z
378,8,22.1,3,3,1,2.25,2026-05-02T17:41:32.307679Z
379,1,28.5,5,3,1,2.99,2026-03-16T17:41:32.307679Z
379,2,15.5,7,2,1,2.89,2026-03-25T17:41:32.307679Z
379,3,21.0,2,1,2,2.87,2026-03-30T17:41:32.307679Z
379,4,18.9,6,3,0,2.86,2026-04-07T17:41:32.307679Z
379,5,2.3,6,2,1,2.66,2026-04-10T17:41:32.307679Z
379,6,1.0,2,4,1,2.77,2026-04-17T17:41:32.307679Z
379,7,1.0,1,2,1,2.6,2026-04-26T17:41:32.307679Z
379,8,1.0,4,2,3,2.59,2026-05-02T17:41:32.307679Z
380,1,26.7,7,2,2,3.92,2026-03-16T17:41:32.307679Z
380,2,24.2,5,3,2,3.7,2026-03-21T17:41:32.307679Z
380,3,19.8,2,3,1,3.72,2026-03-27T17:41:32.307679Z
380,4,15.4,4,3,3,3.61,2026-04-06T17:41:32.307679Z
380,5,1.5,2,4,1,3.69,2026-04-13T17:41:32.307679Z
380,6,10.5,3,3,1,3.55,2026-04-22T17:41:32.307679Z
380,7,1.0,4,5,2,3.58,2026-04-24T17:41:32.307679Z
380,8,1.0,0,3,2,3.39,2026-04-30T17:41:32.307679Z
381,1,27.1,4,3,2,3.15,2026-03-14T17:41:32.307679Z
381,2,26.9,2,6,1,3.11,2026-03-25T17:41:32.307679Z
381,3,28.1,6,3,1,3.18,2026-03-27T17:41:32.307679Z
381,4,23.4,4,3,0,2.99,2026-04-03T17:41:32.307679Z
381,5,12.1,2,4,2,2.93,2026-04-11T17:41:32.307679Z
381,6,33.6,1,1,1,3.01,2026-04-21T17:41:32.307679Z
381,7,4.6,4,4,3,2.95,2026-04-23T17:41:32.307679Z
381,8,17.3,2,0,1,2.91,2026-05-02T17:41:32.307679Z
382,1,46.2,5,5,2,3.48,2026-03-18T17:41:32.307679Z
382,2,40.6,2,3,3,3.35,2026-03-23T17:41:32.307679Z
382,3,47.2,6,2,2,3.2,2026-03-30T17:41:32.307679Z
382,4,47.3,4,2,1,3.26,2026-04-05T17:41:32.307679Z
382,5,28.7,4,3,3,3.22,2026-04-12T17:41:32.307679Z
382,6,40.9,3,3,1,3.18,2026-04-18T17:41:32.307679Z
382,7,17.8,3,1,1,3.08,2026-04-27T17:41:32.307679Z
382,8,9.7,2,5,2,3.0,2026-05-06T17:41:32.307679Z
383,1,63.7,3,1,3,2.62,2026-03-14T17:41:32.307679Z
383,2,56.2,3,2,2,2.56,2026-03-24T17:41:32.307679Z
383,3,55.6,4,2,0,2.69,2026-03-31T17:41:32.307679Z
383,4,51.0,1,5,1,2.52,2026-04-04T17:41:32.307679Z
383,5,54.6,5,2,3,2.44,2026-04-09T17:41:32.307679Z
383,6,35.9,5,2,2,2.49,2026-04-22T17:41:32.307679Z
383,7,28.7,3,3,2,2.41,2026-04-26T17:41:32.307679Z
383,8,59.4,4,1,2,2.32,2026-05-01T17:41:32.307679Z
384,1,24.6,7,5,0,3.57,2026-03-17T17:41:32.307679Z
384,2,22.1,6,3,1,3.43,2026-03-20T17:41:32.307679Z
384,3,15.7,8,3,2,3.48,2026-03-27T17:41:32.307679Z
384,4,16.2,7,3,1,3.32,2026-04-07T17:41:32.307679Z
384,5,20.7,1,3,0,3.3,2026-04-10T17:41:32.307679Z
384,6,22.0,0,5,1,3.2,2026-04-21T17:41:32.307679Z
384,7,9.1,1,3,4,3.31,2026-04-27T17:41:32.307679Z
384,8,16.1,5,3,0,3.08,2026-05-03T17:41:32.307679Z
385,1,50.1,1,4,3,2.72,2026-03-18T17:41:32.307679Z
385,2,48.1,1,2,4,2.64,2026-03-25T17:41:32.307679Z
385,3,41.1,5,1,1,2.67,2026-03-29T17:41:32.307679Z
385,4,46.9,7,2,3,2.53,2026-04-08T17:41:32.307679Z
385,5,30.8,3,3,1,2.51,2026-04-12T17:41:32.307679Z
385,6,39.5,6,1,2,2.58,2026-04-22T17:41:32.307679Z
385,7,51.4,5,3,2,2.43,2026-04-26T17:41:32.307679Z
385,8,49.1,4,2,0,2.42,2026-05-04T17:41:32.307679Z
386,1,54.8,7,3,1,2.92,2026-03-12T17:41:32.307679Z
386,2,52.9,8,2,3,2.85,2026-03-25T17:41:32.307679Z
386,3,46.4,2,0,1,2.78,2026-03-30T17:41:32.307679Z
386,4,46.5,5,0,3,2.69,2026-04-07T17:41:32.307679Z
386,5,45.1,4,5,2,2.7,2026-04-15T17:41:32.307679Z
386,6,27.6,4,3,2,2.63,2026-04-21T17:41:32.307679Z
386,7,21.3,5,1,1,2.67,2026-04-26T17:41:32.307679Z
386,8,36.6,3,3,2,2.56,2026-05-05T17:41:32.307679Z
387,1,25.8,5,3,4,3.86,2026-03-12T17:41:32.307679Z
387,2,24.1,4,4,0,3.75,2026-03-23T17:41:32.307679Z
387,3,10.9,5,0,2,3.79,2026-03-27T17:41:32.307679Z
387,4,17.5,3,2,1,3.7,2026-04-03T17:41:32.307679Z
387,5,5.0,1,1,1,3.54,2026-04-09T17:41:32.307679Z
387,6,1.5,2,2,4,3.62,2026-04-20T17:41:32.307679Z
387,7,21.5,1,4,0,3.42,2026-04-24T17:41:32.307679Z
387,8,20.7,1,3,1,3.46,2026-05-01T17:41:32.307679Z
388,1,38.7,8,4,1,3.71,2026-03-16T17:41:32.307679Z
388,2,34.6,5,1,1,3.6,2026-03-23T17:41:32.307679Z
388,3,26.9,4,0,1,3.55,2026-03-26T17:41:32.307679Z
388,4,25.7,6,0,3,3.56,2026-04-07T17:41:32.307679Z
388,5,28.1,0,2,1,3.53,2026-04-12T17:41:32.307679Z
388,6,25.4,6,3,3,3.39,2026-04-19T17:41:32.307679Z
388,7,14.6,3,3,2,3.39,2026-04-23T17:41:32.307679Z
388,8,1.0,1,3,2,3.47,2026-04-30T17:41:32.307679Z
389,1,37.7,5,5,1,3.41,2026-03-15T17:41:32.307679Z
389,2,36.6,5,3,1,3.37,2026-03-22T17:41:32.307679Z
389,3,25.1,2,4,0,3.24,2026-03-26T17:41:32.307679Z
389,4,23.0,3,2,2,3.35,2026-04-06T17:41:32.307679Z
389,5,28.1,2,4,1,3.2,2026-04-10T17:41:32.307679Z
389,6,17.3,2,7,1,3.18,2026-04-20T17:41:32.307679Z
389,7,8.5,2,4,1,3.19,2026-04-28T17:41:32.307679Z
389,8,16.5,2,4,2,3.12,2026-05-03T17:41:32.307679Z
390,1,32.2,5,2,2,3.17,2026-03-18T17:41:32.307679Z
390,2,34.1,6,1,2,3.24,2026-03-20T17:41:32.307679Z
390,3,29.7,2,4,2,3.2,2026-03-28T17:41:32.307679Z
390,4,19.4,4,3,1,3.09,2026-04-08T17:41:32.307679Z
390,5,36.7,1,2,0,3.1,2026-04-14T17:41:32.307679Z
390,6,26.7,4,0,1,2.91,2026-04-19T17:41:32.307679Z
390,7,8.2,7,1,3,2.93,2026-04-24T17:41:32.307679Z
390,8,25.6,5,1,2,2.86,2026-04-30T17:41:32.307679Z
391,1,47.0,8,4,1,2.53,2026-03-17T17:41:32.307679Z
391,2,46.6,3,2,1,2.59,2026-03-22T17:41:32.307679Z
391,3,42.9,2,3,2,2.55,2026-03-29T17:41:32.307679Z
391,4,36.2,0,1,1,2.42,2026-04-07T17:41:32.307679Z
391,5,35.1,1,4,1,2.41,2026-04-14T17:41:32.307679Z
391,6,43.4,3,3,3,2.25,2026-04-20T17:41:32.307679Z
391,7,22.1,6,1,4,2.27,2026-04-28T17:41:32.307679Z
391,8,38.7,0,0,0,2.18,2026-05-06T17:41:32.307679Z
392,1,28.4,4,1,1,2.65,2026-03-15T17:41:32.307679Z
392,2,19.4,5,0,2,2.49,2026-03-21T17:41:32.307679Z
392,3,25.1,6,3,2,2.42,2026-03-30T17:41:32.307679Z
392,4,22.0,3,0,1,2.5,2026-04-08T17:41:32.307679Z
392,5,10.6,1,3,2,2.37,2026-04-13T17:41:32.307679Z
392,6,1.0,2,4,1,2.29,2026-04-20T17:41:32.307679Z
392,7,9.7,4,1,3,2.4,2026-04-28T17:41:32.307679Z
392,8,5.1,2,4,0,2.17,2026-05-01T17:41:32.307679Z
393,1,20.1,3,1,2,3.95,2026-03-16T17:41:32.307679Z
393,2,25.2,6,2,1,3.99,2026-03-24T17:41:32.307679Z
393,3,17.1,5,0,1,3.8,2026-03-29T17:41:32.307679Z
393,4,7.6,1,2,1,3.75,2026-04-02T17:41:32.307679Z
393,5,10.1,3,3,3,3.77,2026-04-14T17:41:32.307679Z
393,6,13.1,6,1,0,3.84,2026-04-18T17:41:32.307679Z
393,7,1.0,4,2,1,3.63,2026-04-23T17:41:32.307679Z
393,8,15.5,0,2,0,3.65,2026-05-04T17:41:32.307679Z
394,1,39.7,9,3,2,2.51,2026-03-16T17:41:32.307679Z
394,2,44.2,2,1,4,2.46,2026-03-23T17:41:32.307679Z
394,3,34.0,5,5,1,2.58,2026-03-31T17:41:32.307679Z
394,4,39.0,3,2,2,2.43,2026-04-03T17:41:32.307679Z
394,5,32.2,0,2,2,2.43,2026-04-13T17:41:32.307679Z
394,6,45.1,4,4,1,2.4,2026-04-21T17:41:32.307679Z
394,7,10.9,5,0,2,2.4,2026-04-29T17:41:32.307679Z
394,8,1.0,2,1,3,2.19,2026-05-06T17:41:32.307679Z
395,1,49.6,5,4,0,2.43,2026-03-16T17:41:32.307679Z
395,2,46.2,4,4,2,2.41,2026-03-22T17:41:32.307679Z
395,3,39.4,7,3,1,2.41,2026-04-01T17:41:32.307679Z
395,4,47.9,5,0,3,2.39,2026-04-06T17:41:32.307679Z
395,5,27.4,5,2,0,2.28,2026-04-09T17:41:32.307679Z
395,6,26.8,3,3,0,2.25,2026-04-19T17:41:32.307679Z
395,7,40.1,1,3,0,2.11,2026-04-28T17:41:32.307679Z
395,8,20.3,2,0,3,2.26,2026-05-02T17:41:32.307679Z
396,1,28.5,3,0,2,3.34,2026-03-18T17:41:32.307679Z
396,2,25.2,4,3,2,3.27,2026-03-22T17:41:32.307679Z
396,3,23.2,2,1,1,3.16,2026-03-30T17:41:32.307679Z
396,4,22.5,6,3,2,3.09,2026-04-07T17:41:32.307679Z
396,5,2.1,3,2,2,3.12,2026-04-13T17:41:32.307679Z
396,6,16.8,2,3,0,3.17,2026-04-18T17:41:32.307679Z
396,7,1.0,5,4,2,3.12,2026-04-27T17:41:32.307679Z
396,8,4.3,3,1,0,2.88,2026-05-04T17:41:32.307679Z
397,1,24.2,7,2,2,2.9,2026-03-12T17:41:32.307679Z
397,2,25.0,3,3,0,2.76,2026-03-19T17:41:32.307679Z
397,3,15.1,3,2,0,2.71,2026-03-28T17:41:32.307679Z
397,4,26.8,3,5,2,2.77,2026-04-03T17:41:32.307679Z
397,5,1.0,5,1,2,2.72,2026-04-12T17:41:32.307679Z
397,6,17.7,4,3,0,2.59,2026-04-17T17:41:32.307679Z
397,7,1.0,5,1,1,2.67,2026-04-26T17:41:32.307679Z
397,8,11.8,3,3,0,2.65,2026-05-05T17:41:32.307679Z
398,1,48.3,3,2,0,3.26,2026-03-15T17:41:32.307679Z
398,2,52.4,6,2,3,3.2,2026-03-22T17:41:32.307679Z
398,3,41.5,2,6,2,3.06,2026-03-29T17:41:32.307679Z
398,4,44.5,5,5,1,3.08,2026-04-08T17:41:32.307679Z
398,5,41.7,5,1,2,3.11,2026-04-14T17:41:32.307679Z
398,6,22.7,0,1,1,2.92,2026-04-19T17:41:32.307679Z
398,7,19.6,6,2,1,2.85,2026-04-28T17:41:32.307679Z
398,8,18.0,2,2,1,2.89,2026-05-04T17:41:32.307679Z
399,1,30.7,5,1,1,2.7,2026-03-18T17:41:32.307679Z
399,2,25.1,2,1,1,2.7,2026-03-21T17:41:32.307679Z
399,3,33.6,3,5,0,2.66,2026-03-30T17:41:32.307679Z
399,4,26.4,6,2,1,2.58,2026-04-04T17:41:32.307679Z
399,5,32.4,2,2,3,2.48,2026-04-14T17:41:32.307679Z
399,6,13.3,4,4,1,2.52,2026-04-18T17:41:32.307679Z
399,7,12.3,5,3,3,2.41,2026-04-25T17:41:32.307679Z
399,8,22.4,3,4,3,2.29,2026-05-02T17:41:32.307679Z
400,1,19.0,2,5,2,2.73,2026-03-17T17:41:32.307679Z
400,2,18.7,6,4,0,2.75,2026-03-25T17:41:32.307679Z
400,3,8.7,5,0,2,2.71,2026-03-30T17:41:32.307679Z
400,4,25.3,4,3,2,2.7,2026-04-08T17:41:32.307679Z
400,5,15.1,4,1,2,2.5,2026-04-09T17:41:32.307679Z
400,6,5.2,6,1,1,2.56,2026-04-18T17:41:32.307679Z
400,7,14.9,2,5,3,2.54,2026-04-28T17:41:32.307679Z
400,8,14.9,2,4,2,2.51,2026-05-02T17:41:32.307679Z
401,1,31.0,4,3,2,2.97,2026-03-18T17:41:32.307679Z
401,2,32.7,3,3,2,2.91,2026-03-25T17:41:32.307679Z
401,3,27.9,3,4,3,2.99,2026-03-31T17:41:32.307679Z
401,4,30.0,3,3,1,2.87,2026-04-06T17:41:32.307679Z
401,5,23.8,6,2,1,2.86,2026-04-09T17:41:32.307679Z
401,6,18.4,3,1,1,2.69,2026-04-22T17:41:32.307679Z
401,7,26.5,2,3,1,2.7,2026-04-23T17:41:32.307679Z
401,8,6.1,0,3,0,2.77,2026-05-01T17:41:32.307679Z
402,1,53.9,6,0,2,3.61,2026-03-18T17:41:32.307679Z
402,2,56.1,4,2,1,3.51,2026-03-25T17:41:32.307679Z
402,3,46.9,3,2,0,3.44,2026-03-28T17:41:32.307679Z
402,4,57.5,6,0,1,3.35,2026-04-03T17:41:32.307679Z
402,5,50.2,4,1,0,3.27,2026-04-14T17:41:32.307679Z
402,6,47.5,4,2,0,3.24,2026-04-16T17:41:32.307679Z
402,7,39.9,2,2,2,3.34,2026-04-23T17:41:32.307679Z
402,8,21.2,1,4,0,3.22,2026-05-03T17:41:32.307679Z
403,1,23.8,4,2,1,3.39,2026-03-18T17:41:32.307679Z
403,2,22.1,2,3,1,3.35,2026-03-19T17:41:32.307679Z
403,3,11.1,1,1,1,3.43,2026-03-27T17:41:32.307679Z
403,4,22.9,1,3,3,3.23,2026-04-04T17:41:32.307679Z
403,5,15.9,1,3,2,3.28,2026-04-14T17:41:32.307679Z
403,6,6.2,1,2,1,3.23,2026-04-20T17:41:32.307679Z
403,7,1.0,3,2,1,3.23,2026-04-24T17:41:32.307679Z
403,8,27.3,3,1,3,3.06,2026-05-03T17:41:32.307679Z
404,1,46.6,2,0,2,2.53,2026-03-18T17:41:32.307679Z
404,2,37.2,6,3,1,2.52,2026-03-24T17:41:32.307679Z
404,3,30.5,3,1,1,2.46,2026-03-31T17:41:32.307679Z
404,4,42.5,6,2,1,2.32,2026-04-03T17:41:32.307679Z
404,5,23.9,3,3,2,2.3,2026-04-11T17:41:32.307679Z
404,6,26.9,2,2,2,2.22,2026-04-20T17:41:32.307679Z
404,7,15.2,3,2,2,2.29,2026-04-23T17:41:32.307679Z
404,8,6.9,0,0,1,2.23,2026-05-01T17:41:32.307679Z
405,1,38.4,3,1,1,2.56,2026-03-16T17:41:32.307679Z
405,2,39.0,0,1,1,2.46,2026-03-22T17:41:32.307679Z
405,3,29.8,3,3,1,2.32,2026-03-29T17:41:32.307679Z
405,4,19.7,3,1,2,2.34,2026-04-08T17:41:32.307679Z
405,5,37.5,1,2,2,2.21,2026-04-11T17:41:32.307679Z
405,6,30.3,4,3,0,2.29,2026-04-22T17:41:32.307679Z
405,7,12.1,5,2,0,2.18,2026-04-26T17:41:32.307679Z
405,8,3.1,3,1,2,2.11,2026-05-03T17:41:32.307679Z
406,1,51.1,1,2,2,3.69,2026-03-12T17:41:32.307679Z
406,2,47.6,3,4,0,3.65,2026-03-20T17:41:32.307679Z
406,3,36.8,2,3,2,3.62,2026-03-31T17:41:32.307679Z
406,4,49.1,7,3,2,3.6,2026-04-07T17:41:32.307679Z
406,5,29.0,3,3,1,3.49,2026-04-12T17:41:32.307679Z
406,6,38.9,5,6,2,3.39,2026-04-22T17:41:32.307679Z
406,7,35.7,2,2,1,3.38,2026-04-24T17:41:32.307679Z
406,8,43.6,1,1,1,3.44,2026-05-03T17:41:32.307679Z
407,1,28.6,2,2,0,2.63,2026-03-13T17:41:32.307679Z
407,2,28.8,2,3,1,2.45,2026-03-20T17:41:32.307679Z
407,3,25.7,3,1,2,2.49,2026-03-30T17:41:32.307679Z
407,4,15.4,7,5,3,2.49,2026-04-06T17:41:32.307679Z
407,5,29.2,3,3,1,2.25,2026-04-11T17:41:32.307679Z
407,6,31.4,4,2,0,2.21,2026-04-19T17:41:32.307679Z
407,7,24.5,3,3,2,2.16,2026-04-28T17:41:32.307679Z
407,8,10.9,3,2,2,2.26,2026-05-02T17:41:32.307679Z
408,1,50.5,3,2,0,3.31,2026-03-15T17:41:32.307679Z
408,2,38.9,2,4,3,3.16,2026-03-19T17:41:32.307679Z
408,3,46.2,2,3,0,3.11,2026-03-30T17:41:32.307679Z
408,4,33.5,5,6,1,3.13,2026-04-05T17:41:32.307679Z
408,5,45.0,6,0,1,3.01,2026-04-12T17:41:32.307679Z
408,6,37.0,7,0,0,3.01,2026-04-18T17:41:32.307679Z
408,7,27.7,4,1,1,2.97,2026-04-26T17:41:32.307679Z
408,8,8.8,3,5,3,2.88,2026-05-06T17:41:32.307679Z
409,1,48.4,0,5,2,3.44,2026-03-17T17:41:32.307679Z
409,2,42.6,5,1,2,3.27,2026-03-24T17:41:32.307679Z
409,3,35.4,5,7,2,3.35,2026-03-27T17:41:32.307679Z
409,4,47.3,8,1,1,3.14,2026-04-08T17:41:32.307679Z
409,5,48.4,4,2,1,3.23,2026-04-11T17:41:32.307679Z
409,6,30.4,1,3,3,3.22,2026-04-22T17:41:32.307679Z
409,7,18.2,5,2,2,3.16,2026-04-28T17:41:32.307679Z
409,8,39.8,1,3,2,3.13,2026-05-02T17:41:32.307679Z
410,1,25.2,4,1,2,3.76,2026-03-18T17:41:32.307679Z
410,2,22.6,4,2,2,3.75,2026-03-25T17:41:32.307679Z
410,3,12.6,5,5,2,3.56,2026-03-30T17:41:32.307679Z
410,4,17.1,5,4,0,3.57,2026-04-04T17:41:32.307679Z
410,5,16.8,3,3,2,3.57,2026-04-13T17:41:32.307679Z
410,6,13.9,7,1,4,3.37,2026-04-20T17:41:32.307679Z
410,7,10.4,0,5,1,3.37,2026-04-28T17:41:32.307679Z
410,8,27.7,2,0,0,3.4,2026-05-03T17:41:32.307679Z
411,1,40.8,5,2,1,3.74,2026-03-13T17:41:32.307679Z
411,2,33.3,5,4,1,3.61,2026-03-20T17:41:32.307679Z
411,3,39.5,2,0,1,3.49,2026-03-27T17:41:32.307679Z
411,4,30.1,2,3,1,3.54,2026-04-08T17:41:32.307679Z
411,5,16.5,4,1,2,3.41,2026-04-11T17:41:32.307679Z
411,6,25.2,2,3,1,3.47,2026-04-18T17:41:32.307679Z
411,7,27.6,7,2,1,3.4,2026-04-24T17:41:32.307679Z
411,8,7.7,5,3,1,3.35,2026-05-02T17:41:32.307679Z
412,1,33.5,3,1,0,3.01,2026-03-14T17:41:32.307679Z
412,2,40.5,0,2,2,2.95,2026-03-23T17:41:32.307679Z
412,3,33.2,6,1,1,2.85,2026-04-01T17:41:32.307679Z
412,4,27.7,7,2,1,2.96,2026-04-03T17:41:32.307679Z
412,5,24.1,6,1,2,2.8,2026-04-13T17:41:32.307679Z
412,6,32.0,3,2,1,2.8,2026-04-17T17:41:32.307679Z
412,7,27.7,1,4,2,2.66,2026-04-24T17:41:32.307679Z
412,8,11.0,2,2,1,2.63,2026-05-06T17:41:32.307679Z
413,1,19.5,3,0,2,3.7,2026-03-14T17:41:32.307679Z
413,2,22.3,1,2,2,3.72,2026-03-23T17:41:32.307679Z
413,3,11.4,5,5,1,3.58,2026-03-27T17:41:32.307679Z
413,4,17.7,1,6,3,3.59,2026-04-05T17:41:32.307679Z
413,5,1.0,5,3,2,3.47,2026-04-10T17:41:32.307679Z
413,6,1.0,0,6,1,3.49,2026-04-18T17:41:32.307679Z
413,7,19.6,1,5,1,3.53,2026-04-29T17:41:32.307679Z
413,8,3.2,2,0,1,3.36,2026-05-02T17:41:32.307679Z
414,1,58.8,5,4,3,3.87,2026-03-14T17:41:32.307679Z
414,2,54.9,2,3,1,3.8,2026-03-21T17:41:32.307679Z
414,3,52.7,4,2,2,3.75,2026-03-27T17:41:32.307679Z
414,4,49.8,0,3,2,3.69,2026-04-07T17:41:32.307679Z
414,5,39.5,0,5,0,3.7,2026-04-11T17:41:32.307679Z
414,6,40.5,4,4,2,3.7,2026-04-16T17:41:32.307679Z
414,7,27.4,2,3,2,3.66,2026-04-23T17:41:32.307679Z
414,8,56.6,0,3,1,3.62,2026-05-05T17:41:32.307679Z
415,1,57.1,3,4,1,3.09,2026-03-17T17:41:32.307679Z
415,2,58.7,7,2,1,3.15,2026-03-21T17:41:32.307679Z
415,3,52.8,5,4,2,3.09,2026-03-31T17:41:32.307679Z
415,4,40.3,9,1,3,3.12,2026-04-04T17:41:32.307679Z
415,5,53.6,1,0,0,3.03,2026-04-10T17:41:32.307679Z
415,6,40.9,5,4,3,3.0,2026-04-17T17:41:32.307679Z
415,7,28.0,0,3,0,2.93,2026-04-23T17:41:32.307679Z
415,8,40.0,0,3,2,2.89,2026-05-06T17:41:32.307679Z
416,1,29.5,4,0,2,3.08,2026-03-12T17:41:32.307679Z
416,2,28.5,3,3,3,2.95,2026-03-25T17:41:32.307679Z
416,3,24.2,6,1,2,2.83,2026-03-31T17:41:32.307679Z
416,4,9.7,6,5,2,2.82,2026-04-06T17:41:32.307679Z
416,5,18.9,6,2,2,2.81,2026-04-13T17:41:32.307679Z
416,6,1.0,6,4,0,2.73,2026-04-20T17:41:32.307679Z
416,7,15.8,4,2,1,2.62,2026-04-26T17:41:32.307679Z
416,8,18.6,3,2,3,2.59,2026-05-04T17:41:32.307679Z
417,1,48.7,5,3,2,3.04,2026-03-17T17:41:32.307679Z
417,2,48.5,4,4,0,3.01,2026-03-20T17:41:32.307679Z
417,3,45.0,3,5,0,2.9,2026-03-29T17:41:32.307679Z
417,4,34.1,5,4,1,2.88,2026-04-02T17:41:32.307679Z
417,5,43.0,0,1,0,2.92,2026-04-15T17:41:32.307679Z
417,6,26.6,3,2,0,2.9,2026-04-22T17:41:32.307679Z
417,7,31.5,0,1,0,2.72,2026-04-29T17:41:32.307679Z
417,8,19.4,3,3,0,2.71,2026-05-04T17:41:32.307679Z
418,1,34.2,6,1,1,2.53,2026-03-13T17:41:32.307679Z
418,2,33.0,6,3,0,2.52,2026-03-20T17:41:32.307679Z
418,3,39.2,5,0,3,2.49,2026-04-01T17:41:32.307679Z
418,4,30.6,5,2,1,2.44,2026-04-07T17:41:32.307679Z
418,5,30.1,7,2,1,2.29,2026-04-10T17:41:32.307679Z
418,6,15.2,1,4,2,2.38,2026-04-21T17:41:32.307679Z
418,7,18.6,3,0,3,2.31,2026-04-27T17:41:32.307679Z
418,8,3.8,3,2,0,2.2,2026-05-06T17:41:32.307679Z
419,1,47.6,5,1,1,3.7,2026-03-12T17:41:32.307679Z
419,2,42.1,3,4,1,3.74,2026-03-22T17:41:32.307679Z
419,3,34.9,2,3,1,3.72,2026-03-30T17:41:32.307679Z
419,4,36.5,6,0,1,3.54,2026-04-05T17:41:32.307679Z
419,5,28.1,1,0,2,3.47,2026-04-13T17:41:32.307679Z
419,6,44.9,1,4,2,3.58,2026-04-20T17:41:32.307679Z
419,7,33.4,2,2,2,3.38,2026-04-28T17:41:32.307679Z
419,8,41.1,4,0,2,3.46,2026-05-02T17:41:32.307679Z
420,1,31.5,5,3,1,3.17,2026-03-12T17:41:32.307679Z
420,2,26.7,6,2,2,3.25,2026-03-20T17:41:32.307679Z
420,3,27.9,4,5,1,3.11,2026-04-01T17:41:32.307679Z
420,4,22.0,4,3,3,3.03,2026-04-02T17:41:32.307679Z
420,5,11.3,1,0,2,3.05,2026-04-15T17:41:32.307679Z
420,6,16.2,5,4,1,3.02,2026-04-19T17:41:32.307679Z
420,7,20.5,4,1,2,2.86,2026-04-25T17:41:32.307679Z
420,8,29.7,3,4,2,2.85,2026-05-02T17:41:32.307679Z
421,1,56.4,6,3,1,3.96,2026-03-17T17:41:32.307679Z
421,2,51.2,3,1,1,3.98,2026-03-25T17:41:32.307679Z
421,3,51.7,1,2,0,3.94,2026-03-30T17:41:32.307679Z
421,4,36.7,0,4,0,3.9,2026-04-02T17:41:32.307679Z
421,5,45.4,2,2,2,3.77,2026-04-11T17:41:32.307679Z
421,6,44.6,7,5,3,3.76,2026-04-21T17:41:32.307679Z
421,7,51.0,0,2,2,3.58,2026-04-27T17:41:32.307679Z
421,8,11.5,1,3,1,3.63,2026-05-02T17:41:32.307679Z
422,1,45.6,7,3,2,3.62,2026-03-13T17:41:32.307679Z
422,2,37.1,4,3,2,3.61,2026-03-19T17:41:32.307679Z
422,3,36.4,5,2,2,3.43,2026-03-27T17:41:32.307679Z
422,4,37.9,4,2,2,3.46,2026-04-02T17:41:32.307679Z
422,5,22.8,11,4,1,3.43,2026-04-14T17:41:32.307679Z
422,6,18.1,1,0,3,3.35,2026-04-21T17:41:32.307679Z
422,7,12.4,3,2,0,3.34,2026-04-23T17:41:32.307679Z
422,8,41.4,0,4,0,3.24,2026-04-30T17:41:32.307679Z
423,1,40.9,5,2,4,3.58,2026-03-17T17:41:32.307679Z
423,2,35.6,3,6,2,3.55,2026-03-25T17:41:32.307679Z
423,3,28.5,6,4,3,3.41,2026-03-27T17:41:32.307679Z
423,4,29.2,6,4,3,3.4,2026-04-05T17:41:32.307679Z
423,5,29.5,5,5,2,3.3,2026-04-10T17:41:32.307679Z
423,6,32.7,1,2,3,3.36,2026-04-16T17:41:32.307679Z
423,7,4.9,2,2,2,3.31,2026-04-28T17:41:32.307679Z
423,8,18.2,0,4,3,3.09,2026-05-01T17:41:32.307679Z
424,1,27.9,6,2,1,2.47,2026-03-18T17:41:32.307679Z
424,2,24.8,6,4,2,2.41,2026-03-21T17:41:32.307679Z
424,3,26.3,7,3,0,2.47,2026-03-31T17:41:32.307679Z
424,4,13.7,3,4,1,2.46,2026-04-02T17:41:32.307679Z
424,5,14.7,4,0,1,2.32,2026-04-11T17:41:32.307679Z
424,6,1.0,5,4,1,2.39,2026-04-18T17:41:32.307679Z
424,7,25.6,3,3,0,2.25,2026-04-26T17:41:32.307679Z
424,8,11.7,2,3,2,2.17,2026-05-05T17:41:32.307679Z
425,1,53.8,2,3,0,3.12,2026-03-15T17:41:32.307679Z
425,2,53.6,4,0,0,3.01,2026-03-22T17:41:32.307679Z
425,3,41.3,1,0,2,3.12,2026-03-26T17:41:32.307679Z
425,4,42.9,6,2,1,2.95,2026-04-08T17:41:32.307679Z
425,5,41.2,0,4,2,2.89,2026-04-09T17:41:32.307679Z
425,6,43.6,0,2,1,3.0,2026-04-20T17:41:32.307679Z
425,7,27.6,2,1,3,2.81,2026-04-27T17:41:32.307679Z
425,8,20.0,2,1,2,2.71,2026-05-02T17:41:32.307679Z
426,1,30.2,8,0,1,3.07,2026-03-16T17:41:32.307679Z
426,2,24.6,5,2,1,3.01,2026-03-23T17:41:32.307679Z
426,3,26.4,0,2,0,3.13,2026-03-28T17:41:32.307679Z
426,4,24.1,3,2,1,3.07,2026-04-07T17:41:32.307679Z
426,5,13.4,5,1,2,2.86,2026-04-15T17:41:32.307679Z
426,6,23.2,5,3,2,2.9,2026-04-20T17:41:32.307679Z
426,7,10.1,2,0,2,2.84,2026-04-26T17:41:32.307679Z
426,8,9.3,0,1,2,2.82,2026-05-03T17:41:32.307679Z
427,1,62.3,3,3,2,3.52,2026-03-15T17:41:32.307679Z
427,2,55.5,7,3,1,3.58,2026-03-23T17:41:32.307679Z
427,3,50.4,2,2,1,3.41,2026-03-31T17:41:32.307679Z
427,4,54.0,9,1,0,3.38,2026-04-05T17:41:32.307679Z
427,5,47.4,3,2,1,3.35,2026-04-10T17:41:32.307679Z
427,6,50.0,1,3,1,3.32,2026-04-21T17:41:32.307679Z
427,7,47.1,1,1,1,3.35,2026-04-29T17:41:32.307679Z
427,8,61.4,2,1,2,3.19,2026-05-06T17:41:32.307679Z
428,1,20.3,4,1,1,3.76,2026-03-13T17:41:32.307679Z
428,2,21.5,3,0,1,3.59,2026-03-24T17:41:32.307679Z
428,3,17.0,3,3,0,3.56,2026-03-31T17:41:32.307679Z
428,4,19.4,1,1,1,3.43,2026-04-02T17:41:32.307679Z
428,5,2.3,3,3,2,3.42,2026-04-14T17:41:32.307679Z
428,6,20.1,1,1,1,3.48,2026-04-16T17:41:32.307679Z
428,7,1.0,2,6,1,3.45,2026-04-23T17:41:32.307679Z
428,8,1.0,5,5,0,3.39,2026-05-03T17:41:32.307679Z
429,1,46.6,4,1,1,2.73,2026-03-12T17:41:32.307679Z
429,2,46.6,1,2,0,2.63,2026-03-22T17:41:32.307679Z
429,3,40.7,5,4,1,2.52,2026-03-28T17:41:32.307679Z
429,4,30.1,2,4,0,2.59,2026-04-06T17:41:32.307679Z
429,5,34.6,1,3,1,2.59,2026-04-12T17:41:32.307679Z
429,6,37.4,4,4,1,2.45,2026-04-20T17:41:32.307679Z
429,7,38.2,5,3,2,2.4,2026-04-25T17:41:32.307679Z
429,8,44.7,2,1,1,2.28,2026-05-04T17:41:32.307679Z
430,1,19.1,4,1,2,3.28,2026-03-14T17:41:32.307679Z
430,2,17.4,5,4,1,3.11,2026-03-25T17:41:32.307679Z
430,3,12.0,4,1,1,3.11,2026-03-28T17:41:32.307679Z
430,4,14.0,3,4,1,3.05,2026-04-04T17:41:32.307679Z
430,5,2.8,4,2,2,3.08,2026-04-13T17:41:32.307679Z
430,6,8.4,2,2,2,2.99,2026-04-17T17:41:32.307679Z
430,7,1.0,2,5,2,3.01,2026-04-28T17:41:32.307679Z
430,8,16.1,1,2,2,2.87,2026-04-30T17:41:32.307679Z
431,1,64.3,3,1,3,3.52,2026-03-14T17:41:32.307679Z
431,2,54.0,2,3,1,3.45,2026-03-20T17:41:32.307679Z
431,3,62.1,2,3,1,3.36,2026-03-31T17:41:32.307679Z
431,4,43.7,4,2,2,3.31,2026-04-07T17:41:32.307679Z
431,5,47.9,3,2,2,3.39,2026-04-11T17:41:32.307679Z
431,6,46.5,1,2,0,3.34,2026-04-18T17:41:32.307679Z
431,7,43.2,4,1,0,3.18,2026-04-24T17:41:32.307679Z
431,8,30.8,2,3,1,3.17,2026-05-06T17:41:32.307679Z
432,1,30.1,5,0,1,2.74,2026-03-14T17:41:32.307679Z
432,2,26.3,5,5,1,2.62,2026-03-24T17:41:32.307679Z
432,3,17.7,0,3,2,2.61,2026-03-30T17:41:32.307679Z
432,4,19.6,2,2,2,2.64,2026-04-05T17:41:32.307679Z
432,5,3.9,3,2,1,2.62,2026-04-09T17:41:32.307679Z
432,6,26.8,3,2,1,2.57,2026-04-22T17:41:32.307679Z
432,7,26.5,5,2,2,2.36,2026-04-27T17:41:32.307679Z
432,8,10.5,1,4,1,2.44,2026-05-03T17:41:32.307679Z
433,1,54.8,5,1,0,2.75,2026-03-15T17:41:32.307679Z
433,2,51.2,3,5,1,2.68,2026-03-20T17:41:32.307679Z
433,3,53.5,2,4,1,2.63,2026-03-27T17:41:32.307679Z
433,4,43.7,5,3,0,2.53,2026-04-04T17:41:32.307679Z
433,5,39.0,3,2,2,2.62,2026-04-11T17:41:32.307679Z
433,6,52.6,6,4,1,2.47,2026-04-21T17:41:32.307679Z
433,7,21.1,2,0,0,2.51,2026-04-28T17:41:32.307679Z
433,8,49.5,4,3,3,2.48,2026-05-05T17:41:32.307679Z
434,1,22.6,6,0,1,2.64,2026-03-15T17:41:32.307679Z
434,2,15.6,5,4,1,2.62,2026-03-24T17:41:32.307679Z
434,3,19.4,1,3,1,2.39,2026-03-30T17:41:32.307679Z
434,4,5.1,7,1,2,2.35,2026-04-03T17:41:32.307679Z
434,5,8.9,4,2,1,2.34,2026-04-10T17:41:32.307679Z
434,6,1.0,6,4,2,2.36,2026-04-20T17:41:32.307679Z
434,7,1.0,1,4,1,2.33,2026-04-26T17:41:32.307679Z
434,8,1.0,8,2,4,2.27,2026-05-01T17:41:32.307679Z
435,1,39.2,5,3,2,3.8,2026-03-17T17:41:32.307679Z
435,2,30.1,2,3,1,3.77,2026-03-24T17:41:32.307679Z
435,3,26.5,1,2,0,3.57,2026-04-01T17:41:32.307679Z
435,4,17.2,3,2,2,3.63,2026-04-04T17:41:32.307679Z
435,5,18.7,3,5,3,3.48,2026-04-13T17:41:32.307679Z
435,6,25.1,7,2,2,3.4,2026-04-17T17:41:32.307679Z
435,7,19.5,3,2,3,3.48,2026-04-25T17:41:32.307679Z
435,8,15.1,2,2,1,3.36,2026-05-05T17:41:32.307679Z
436,1,42.1,2,4,1,2.69,2026-03-17T17:41:32.307679Z
436,2,35.7,6,3,2,2.54,2026-03-21T17:41:32.307679Z
436,3,36.2,3,3,1,2.63,2026-03-27T17:41:32.307679Z
436,4,42.4,6,2,1,2.47,2026-04-04T17:41:32.307679Z
436,5,17.8,2,3,1,2.37,2026-04-14T17:41:32.307679Z
436,6,14.7,3,2,1,2.47,2026-04-18T17:41:32.307679Z
436,7,11.4,6,2,2,2.31,2026-04-24T17:41:32.307679Z
436,8,26.8,0,5,3,2.3,2026-04-30T17:41:32.307679Z
437,1,25.5,6,3,0,2.6,2026-03-12T17:41:32.307679Z
437,2,18.9,3,6,1,2.47,2026-03-20T17:41:32.307679Z
437,3,16.3,7,5,2,2.4,2026-03-27T17:41:32.307679Z
437,4,23.6,3,3,1,2.5,2026-04-05T17:41:32.307679Z
437,5,13.9,7,3,2,2.46,2026-04-11T17:41:32.307679Z
437,6,11.1,2,3,1,2.42,2026-04-21T17:41:32.307679Z
437,7,21.0,0,3,1,2.27,2026-04-25T17:41:32.307679Z
437,8,6.3,3,2,1,2.16,2026-05-01T17:41:32.307679Z
438,1,52.0,6,4,2,2.93,2026-03-17T17:41:32.307679Z
438,2,45.7,7,0,0,2.87,2026-03-25T17:41:32.307679Z
438,3,38.6,2,3,2,2.79,2026-03-28T17:41:32.307679Z
438,4,41.5,1,4,2,2.72,2026-04-04T17:41:32.307679Z
438,5,29.5,4,3,1,2.7,2026-04-14T17:41:32.307679Z
438,6,31.3,5,3,3,2.72,2026-04-16T17:41:32.307679Z
438,7,21.7,4,1,2,2.57,2026-04-26T17:41:32.307679Z
438,8,35.7,1,5,1,2.65,2026-05-04T17:41:32.307679Z
439,1,55.4,6,1,1,3.13,2026-03-13T17:41:32.307679Z
439,2,53.3,4,2,0,3.12,2026-03-25T17:41:32.307679Z
439,3,44.1,4,6,2,3.09,2026-03-30T17:41:32.307679Z
439,4,37.4,4,1,0,3.08,2026-04-03T17:41:32.307679Z
439,5,32.1,5,2,3,2.92,2026-04-09T17:41:32.307679Z
439,6,41.1,0,0,0,3.0,2026-04-21T17:41:32.307679Z
439,7,23.0,2,3,2,2.98,2026-04-26T17:41:32.307679Z
439,8,39.3,4,1,3,2.8,2026-05-02T17:41:32.307679Z
440,1,35.0,3,4,1,3.36,2026-03-17T17:41:32.307679Z
440,2,35.3,6,4,2,3.31,2026-03-22T17:41:32.307679Z
440,3,30.6,1,4,1,3.19,2026-04-01T17:41:32.307679Z
440,4,23.5,5,2,2,3.04,2026-04-05T17:41:32.307679Z
440,5,19.5,0,0,3,3.06,2026-04-11T17:41:32.307679Z
440,6,27.0,0,3,3,3.08,2026-04-17T17:41:32.307679Z
440,7,24.9,0,1,2,2.88,2026-04-29T17:41:32.307679Z
440,8,39.3,0,3,0,2.84,2026-05-04T17:41:32.307679Z
441,1,39.2,0,2,2,2.69,2026-03-13T17:41:32.307679Z
441,2,42.5,3,3,2,2.73,2026-03-20T17:41:32.307679Z
441,3,39.6,5,0,3,2.75,2026-03-29T17:41:32.307679Z
441,4,38.4,1,2,0,2.51,2026-04-06T17:41:32.307679Z
441,5,31.9,2,4,0,2.58,2026-04-09T17:41:32.307679Z
441,6,38.2,5,0,2,2.42,2026-04-19T17:41:32.307679Z
441,7,10.5,0,2,1,2.51,2026-04-25T17:41:32.307679Z
441,8,29.7,5,0,1,2.47,2026-05-06T17:41:32.307679Z
442,1,18.5,7,5,0,2.73,2026-03-14T17:41:32.307679Z
442,2,13.2,9,3,0,2.77,2026-03-22T17:41:32.307679Z
442,3,15.2,2,3,1,2.69,2026-03-27T17:41:32.307679Z
442,4,14.8,3,4,2,2.68,2026-04-02T17:41:32.307679Z
442,5,7.6,2,4,1,2.57,2026-04-13T17:41:32.307679Z
442,6,1.0,4,1,2,2.5,2026-04-20T17:41:32.307679Z
442,7,5.8,2,1,2,2.42,2026-04-26T17:41:32.307679Z
442,8,16.3,4,0,2,2.38,2026-05-02T17:41:32.307679Z
443,1,21.4,4,2,2,2.55,2026-03-13T17:41:32.307679Z
443,2,19.6,4,2,1,2.37,2026-03-24T17:41:32.307679Z
443,3,24.7,4,2,2,2.39,2026-03-28T17:41:32.307679Z
443,4,21.1,2,2,2,2.44,2026-04-02T17:41:32.307679Z
443,5,27.1,2,3,0,2.22,2026-04-09T17:41:32.307679Z
443,6,13.0,4,2,1,2.22,2026-04-22T17:41:32.307679Z
443,7,26.4,1,4,2,2.26,2026-04-29T17:41:32.307679Z
443,8,11.8,1,4,1,2.16,2026-05-01T17:41:32.307679Z
444,1,49.0,1,4,2,2.92,2026-03-13T17:41:32.307679Z
444,2,45.2,3,5,2,2.78,2026-03-23T17:41:32.307679Z
444,3,40.3,3,3,2,2.71,2026-03-30T17:41:32.307679Z
444,4,34.6,4,2,1,2.6,2026-04-02T17:41:32.307679Z
444,5,29.3,4,2,1,2.57,2026-04-14T17:41:32.307679Z
444,6,43.7,1,4,0,2.59,2026-04-22T17:41:32.307679Z
444,7,40.2,2,3,2,2.62,2026-04-28T17:41:32.307679Z
444,8,13.5,1,3,1,2.54,2026-05-06T17:41:32.307679Z
445,1,40.8,8,3,0,3.13,2026-03-18T17:41:32.307679Z
445,2,46.4,8,2,2,3.13,2026-03-22T17:41:32.307679Z
445,3,35.1,4,3,1,3.07,2026-03-31T17:41:32.307679Z
445,4,40.9,2,0,0,3.07,2026-04-05T17:41:32.307679Z
445,5,24.1,5,2,2,3.04,2026-04-11T17:41:32.307679Z
445,6,36.6,1,4,3,2.99,2026-04-20T17:41:32.307679Z
445,7,12.1,5,6,1,2.83,2026-04-26T17:41:32.307679Z
445,8,16.1,4,3,3,2.85,2026-04-30T17:41:32.307679Z
446,1,56.0,5,6,1,3.35,2026-03-15T17:41:32.307679Z
446,2,49.1,2,3,2,3.28,2026-03-21T17:41:32.307679Z
446,3,48.9,3,1,1,3.4,2026-03-29T17:41:32.307679Z
446,4,49.3,4,2,1,3.24,2026-04-06T17:41:32.307679Z
446,5,45.0,1,4,3,3.26,2026-04-11T17:41:32.307679Z
446,6,27.0,4,3,2,3.14,2026-04-19T17:41:32.307679Z
446,7,49.1,4,4,2,3.2,2026-04-25T17:41:32.307679Z
446,8,36.4,1,0,3,2.97,2026-04-30T17:41:32.307679Z
447,1,46.5,5,7,0,3.24,2026-03-18T17:41:32.307679Z
447,2,40.1,0,1,1,3.29,2026-03-25T17:41:32.307679Z
447,3,35.8,2,3,1,3.24,2026-03-26T17:41:32.307679Z
447,4,25.2,0,0,1,3.07,2026-04-08T17:41:32.307679Z
447,5,25.9,0,3,1,3.13,2026-04-10T17:41:32.307679Z
447,6,22.4,3,6,2,2.94,2026-04-18T17:41:32.307679Z
447,7,14.1,5,1,1,2.98,2026-04-29T17:41:32.307679Z
447,8,12.6,4,2,4,2.98,2026-05-02T17:41:32.307679Z
448,1,27.0,6,4,2,2.96,2026-03-18T17:41:32.307679Z
448,2,26.3,5,3,2,2.91,2026-03-24T17:41:32.307679Z
448,3,21.0,3,5,1,2.85,2026-04-01T17:41:32.307679Z
448,4,7.7,1,1,1,2.67,2026-04-05T17:41:32.307679Z
448,5,25.6,4,2,2,2.67,2026-04-11T17:41:32.307679Z
448,6,18.1,3,3,1,2.56,2026-04-17T17:41:32.307679Z
448,7,7.8,3,4,1,2.6,2026-04-27T17:41:32.307679Z
448,8,13.5,3,2,2,2.47,2026-04-30T17:41:32.307679Z
449,1,30.5,5,3,3,2.58,2026-03-14T17:41:32.307679Z
449,2,34.6,5,4,2,2.65,2026-03-24T17:41:32.307679Z
449,3,16.5,6,5,2,2.6,2026-03-29T17:41:32.307679Z
449,4,23.3,1,1,1,2.43,2026-04-02T17:41:32.307679Z
449,5,27.1,3,2,0,2.43,2026-04-15T17:41:32.307679Z
449,6,30.3,3,4,1,2.26,2026-04-21T17:41:32.307679Z
449,7,8.5,1,6,4,2.33,2026-04-29T17:41:32.307679Z
449,8,11.5,0,0,2,2.23,2026-04-30T17:41:32.307679Z
450,1,52.5,2,2,3,2.99,2026-03-18T17:41:32.307679Z
450,2,55.6,4,4,3,3.07,2026-03-25T17:41:32.307679Z
450,3,48.0,6,2,1,3.04,2026-03-29T17:41:32.307679Z
450,4,43.7,4,3,2,2.9,2026-04-06T17:41:32.307679Z
450,5,39.9,1,4,1,2.8,2026-04-10T17:41:32.307679Z
450,6,37.1,2,0,3,2.84,2026-04-21T17:41:32.307679Z
450,7,23.6,7,3,2,2.71,2026-04-23T17:41:32.307679Z
450,8,26.0,0,1,2,2.74,2026-04-30T17:41:32.307679Z
451,1,46.3,4,3,3,2.73,2026-03-16T17:41:32.307679Z
451,2,39.0,3,1,2,2.8,2026-03-22T17:41:32.307679Z
451,3,25.8,4,3,1,2.69,2026-03-30T17:41:32.307679Z
451,4,28.5,3,1,2,2.56,2026-04-03T17:41:32.307679Z
451,5,20.9,6,3,0,2.7,2026-04-11T17:41:32.307679Z
451,6,29.4,2,1,2,2.52,2026-04-19T17:41:32.307679Z
451,7,25.2,3,2,1,2.49,2026-04-26T17:41:32.307679Z
451,8,1.7,2,1,1,2.47,2026-04-30T17:41:32.307679Z
452,1,46.1,1,4,1,3.03,2026-03-15T17:41:32.307679Z
452,2,43.5,6,1,2,3.04,2026-03-21T17:41:32.307679Z
452,3,40.4,5,3,1,2.94,2026-03-28T17:41:32.307679Z
452,4,28.0,4,1,4,2.79,2026-04-02T17:41:32.307679Z
452,5,25.2,4,6,2,2.79,2026-04-15T17:41:32.307679Z
452,6,16.1,3,3,1,2.82,2026-04-21T17:41:32.307679Z
452,7,31.4,4,3,0,2.72,2026-04-27T17:41:32.307679Z
452,8,16.2,5,3,2,2.67,2026-05-01T17:41:32.307679Z
453,1,16.1,9,1,1,2.69,2026-03-14T17:41:32.307679Z
453,2,23.7,6,0,1,2.51,2026-03-23T17:41:32.307679Z
453,3,14.0,5,5,1,2.56,2026-03-29T17:41:32.307679Z
453,4,16.8,5,2,2,2.56,2026-04-08T17:41:32.307679Z
453,5,14.0,3,2,2,2.4,2026-04-10T17:41:32.307679Z
453,6,3.2,3,3,2,2.44,2026-04-21T17:41:32.307679Z
453,7,9.9,0,1,0,2.34,2026-04-26T17:41:32.307679Z
453,8,15.3,6,2,1,2.31,2026-05-06T17:41:32.307679Z
454,1,37.9,4,2,2,2.64,2026-03-14T17:41:32.307679Z
454,2,33.7,6,0,2,2.76,2026-03-19T17:41:32.307679Z
454,3,28.7,2,4,2,2.7,2026-04-01T17:41:32.307679Z
454,4,26.5,4,0,1,2.54,2026-04-05T17:41:32.307679Z
454,5,20.9,2,2,2,2.52,2026-04-13T17:41:32.307679Z
454,6,24.0,5,2,1,2.48,2026-04-22T17:41:32.307679Z
454,7,24.0,4,4,1,2.48,2026-04-29T17:41:32.307679Z
454,8,21.3,5,3,2,2.46,2026-05-05T17:41:32.307679Z
455,1,41.1,4,1,0,2.84,2026-03-12T17:41:32.307679Z
455,2,36.6,5,3,1,2.83,2026-03-24T17:41:32.307679Z
455,3,42.2,1,0,3,2.8,2026-03-27T17:41:32.307679Z
455,4,29.2,2,2,2,2.72,2026-04-08T17:41:32.307679Z
455,5,27.0,0,1,2,2.74,2026-04-13T17:41:32.307679Z
455,6,36.6,0,6,1,2.66,2026-04-17T17:41:32.307679Z
455,7,12.5,1,4,2,2.67,2026-04-24T17:41:32.307679Z
455,8,29.0,1,3,2,2.45,2026-05-06T17:41:32.307679Z
456,1,55.1,9,2,1,3.31,2026-03-12T17:41:32.307679Z
456,2,58.2,3,4,2,3.2,2026-03-21T17:41:32.307679Z
456,3,55.7,4,3,2,3.16,2026-03-31T17:41:32.307679Z
456,4,44.8,4,3,2,3.11,2026-04-08T17:41:32.307679Z
456,5,43.2,2,3,3,3.14,2026-04-14T17:41:32.307679Z
456,6,31.7,5,3,0,3.05,2026-04-17T17:41:32.307679Z
456,7,57.2,1,3,1,3.14,2026-04-26T17:41:32.307679Z
456,8,64.2,0,3,2,2.94,2026-05-05T17:41:32.307679Z
457,1,61.9,3,3,2,3.37,2026-03-15T17:41:32.307679Z
457,2,53.7,4,3,2,3.4,2026-03-19T17:41:32.307679Z
457,3,58.9,3,3,2,3.42,2026-03-30T17:41:32.307679Z
457,4,49.8,3,2,2,3.24,2026-04-05T17:41:32.307679Z
457,5,62.2,5,3,1,3.22,2026-04-11T17:41:32.307679Z
457,6,31.3,5,1,1,3.18,2026-04-18T17:41:32.307679Z
457,7,40.6,0,3,2,3.03,2026-04-23T17:41:32.307679Z
457,8,19.6,6,0,2,3.06,2026-05-06T17:41:32.307679Z
458,1,58.5,1,1,2,3.47,2026-03-12T17:41:32.307679Z
458,2,57.7,0,1,2,3.48,2026-03-25T17:41:32.307679Z
458,3,49.2,3,2,2,3.3,2026-04-01T17:41:32.307679Z
458,4,51.5,5,1,2,3.28,2026-04-07T17:41:32.307679Z
458,5,36.6,1,2,1,3.37,2026-04-10T17:41:32.307679Z
458,6,33.5,1,3,1,3.17,2026-04-17T17:41:32.307679Z
458,7,45.6,5,1,1,3.2,2026-04-24T17:41:32.307679Z
458,8,37.3,5,1,3,3.17,2026-05-05T17:41:32.307679Z
459,1,40.6,0,4,3,3.51,2026-03-13T17:41:32.307679Z
459,2,42.9,2,2,0,3.36,2026-03-24T17:41:32.307679Z
459,3,38.0,5,1,1,3.44,2026-03-27T17:41:32.307679Z
459,4,30.5,6,1,2,3.24,2026-04-07T17:41:32.307679Z
459,5,46.9,3,4,2,3.27,2026-04-13T17:41:32.307679Z
459,6,37.2,0,1,2,3.23,2026-04-16T17:41:32.307679Z
459,7,24.6,2,4,3,3.15,2026-04-25T17:41:32.307679Z
459,8,45.5,5,1,1,3.21,2026-05-02T17:41:32.307679Z
460,1,53.2,2,2,4,3.12,2026-03-17T17:41:32.307679Z
460,2,44.7,5,6,2,3.06,2026-03-20T17:41:32.307679Z
460,3,43.3,2,0,1,2.97,2026-03-31T17:41:32.307679Z
460,4,36.0,0,2,3,3.01,2026-04-02T17:41:32.307679Z
460,5,43.3,6,6,3,2.95,2026-04-15T17:41:32.307679Z
460,6,27.1,3,2,1,2.81,2026-04-16T17:41:32.307679Z
460,7,38.5,0,3,2,2.84,2026-04-28T17:41:32.307679Z
460,8,24.8,0,3,2,2.65,2026-05-05T17:41:32.307679Z
461,1,42.6,3,6,2,2.76,2026-03-17T17:41:32.307679Z
461,2,40.7,2,4,0,2.66,2026-03-20T17:41:32.307679Z
461,3,31.3,7,3,0,2.69,2026-03-29T17:41:32.307679Z
461,4,22.6,3,5,1,2.65,2026-04-04T17:41:32.307679Z
461,5,20.6,7,6,2,2.44,2026-04-10T17:41:32.307679Z
461,6,38.7,1,5,2,2.44,2026-04-18T17:41:32.307679Z
461,7,36.7,1,1,1,2.34,2026-04-26T17:41:32.307679Z
461,8,27.4,0,1,1,2.34,2026-05-01T17:41:32.307679Z
462,1,31.8,3,3,2,3.49,2026-03-17T17:41:32.307679Z
462,2,33.0,3,3,2,3.36,2026-03-25T17:41:32.307679Z
462,3,18.4,7,1,2,3.27,2026-03-30T17:41:32.307679Z
462,4,29.2,0,1,1,3.25,2026-04-08T17:41:32.307679Z
462,5,25.6,4,4,2,3.28,2026-04-11T17:41:32.307679Z
462,6,7.4,1,4,1,3.24,2026-04-21T17:41:32.307679Z
462,7,13.2,6,0,3,3.08,2026-04-23T17:41:32.307679Z
462,8,10.0,4,2,1,3.1,2026-05-03T17:41:32.307679Z
463,1,24.3,3,1,2,3.04,2026-03-13T17:41:32.307679Z
463,2,19.0,0,3,1,3.04,2026-03-23T17:41:32.307679Z
463,3,18.8,4,1,1,2.83,2026-03-29T17:41:32.307679Z
463,4,22.4,5,1,2,2.79,2026-04-03T17:41:32.307679Z
463,5,13.6,3,2,1,2.82,2026-04-13T17:41:32.307679Z
463,6,1.0,2,3,3,2.83,2026-04-20T17:41:32.307679Z
463,7,19.7,7,2,1,2.71,2026-04-28T17:41:32.307679Z
463,8,1.0,4,0,2,2.57,2026-05-03T17:41:32.307679Z
464,1,46.6,5,4,2,4.07,2026-03-15T17:41:32.307679Z
464,2,37.9,6,4,4,3.89,2026-03-25T17:41:32.307679Z
464,3,42.2,5,1,0,3.79,2026-03-30T17:41:32.307679Z
464,4,35.2,7,3,2,3.86,2026-04-03T17:41:32.307679Z
464,5,32.0,7,1,2,3.78,2026-04-14T17:41:32.307679Z
464,6,28.4,2,3,2,3.77,2026-04-18T17:41:32.307679Z
464,7,17.5,2,3,1,3.7,2026-04-29T17:41:32.307679Z
464,8,44.0,2,1,1,3.67,2026-05-03T17:41:32.307679Z
465,1,46.6,7,1,1,2.79,2026-03-14T17:41:32.307679Z
465,2,41.1,5,2,1,2.66,2026-03-19T17:41:32.307679Z
465,3,43.0,3,4,1,2.63,2026-03-27T17:41:32.307679Z
465,4,39.0,5,3,2,2.58,2026-04-03T17:41:32.307679Z
465,5,36.9,3,1,4,2.57,2026-04-14T17:41:32.307679Z
465,6,46.2,3,2,5,2.46,2026-04-17T17:41:32.307679Z
465,7,31.4,3,2,2,2.46,2026-04-29T17:41:32.307679Z
465,8,28.8,2,5,3,2.45,2026-05-04T17:41:32.307679Z
466,1,33.5,5,5,1,3.29,2026-03-12T17:41:32.307679Z
466,2,32.4,6,2,3,3.19,2026-03-23T17:41:32.307679Z
466,3,34.9,4,3,1,3.24,2026-03-28T17:41:32.307679Z
466,4,37.3,6,3,1,3.09,2026-04-03T17:41:32.307679Z
466,5,24.5,7,3,0,3.12,2026-04-13T17:41:32.307679Z
466,6,5.2,0,2,0,3.01,2026-04-22T17:41:32.307679Z
466,7,27.9,4,3,2,3.13,2026-04-23T17:41:32.307679Z
466,8,25.2,5,3,3,2.98,2026-05-02T17:41:32.307679Z
467,1,33.9,6,1,2,3.85,2026-03-18T17:41:32.307679Z
467,2,26.3,4,3,2,3.76,2026-03-21T17:41:32.307679Z
467,3,23.3,3,5,2,3.82,2026-03-30T17:41:32.307679Z
467,4,18.7,2,3,4,3.69,2026-04-06T17:41:32.307679Z
467,5,26.3,3,6,2,3.74,2026-04-09T17:41:32.307679Z
467,6,9.1,1,4,2,3.55,2026-04-22T17:41:32.307679Z
467,7,2.3,5,4,2,3.62,2026-04-28T17:41:32.307679Z
467,8,1.0,1,0,3,3.44,2026-05-05T17:41:32.307679Z
468,1,51.2,0,0,3,3.4,2026-03-16T17:41:32.307679Z
468,2,44.2,6,2,0,3.29,2026-03-20T17:41:32.307679Z
468,3,43.9,4,0,2,3.26,2026-04-01T17:41:32.307679Z
468,4,45.6,5,0,2,3.25,2026-04-02T17:41:32.307679Z
468,5,32.3,5,2,2,3.19,2026-04-13T17:41:32.307679Z
468,6,24.0,2,3,1,3.09,2026-04-21T17:41:32.307679Z
468,7,21.1,0,2,0,2.99,2026-04-28T17:41:32.307679Z
468,8,10.2,2,2,2,2.92,2026-05-01T17:41:32.307679Z
469,1,49.0,7,1,2,3.44,2026-03-14T17:41:32.307679Z
469,2,49.4,5,5,0,3.25,2026-03-23T17:41:32.307679Z
469,3,43.6,6,1,2,3.23,2026-03-31T17:41:32.307679Z
469,4,32.5,3,1,1,3.24,2026-04-06T17:41:32.307679Z
469,5,28.3,4,4,1,3.2,2026-04-13T17:41:32.307679Z
469,6,44.0,4,3,3,3.13,2026-04-20T17:41:32.307679Z
469,7,23.1,2,1,1,3.14,2026-04-28T17:41:32.307679Z
469,8,41.6,5,2,3,2.92,2026-05-03T17:41:32.307679Z
470,1,39.6,2,0,1,3.8,2026-03-18T17:41:32.307679Z
470,2,41.8,6,2,1,3.75,2026-03-21T17:41:32.307679Z
470,3,41.1,5,2,1,3.67,2026-03-31T17:41:32.307679Z
470,4,30.1,2,1,2,3.65,2026-04-05T17:41:32.307679Z
470,5,38.1,0,3,3,3.53,2026-04-15T17:41:32.307679Z
470,6,25.5,2,0,1,3.44,2026-04-18T17:41:32.307679Z
470,7,18.8,4,2,3,3.36,2026-04-28T17:41:32.307679Z
470,8,7.6,2,0,3,3.43,2026-05-06T17:41:32.307679Z
471,1,22.8,3,2,1,3.43,2026-03-17T17:41:32.307679Z
471,2,22.6,4,3,2,3.45,2026-03-23T17:41:32.307679Z
471,3,28.2,2,5,1,3.44,2026-03-27T17:41:32.307679Z
471,4,12.8,2,2,2,3.33,2026-04-04T17:41:32.307679Z
471,5,13.2,4,1,1,3.32,2026-04-10T17:41:32.307679Z
471,6,19.8,3,2,3,3.19,2026-04-22T17:41:32.307679Z
471,7,9.5,0,1,1,3.18,2026-04-23T17:41:32.307679Z
471,8,1.0,4,3,2,3.09,2026-05-01T17:41:32.307679Z
472,1,39.7,1,1,2,2.9,2026-03-16T17:41:32.307679Z
472,2,37.6,3,0,0,2.84,2026-03-24T17:41:32.307679Z
472,3,30.8,5,1,1,2.94,2026-03-27T17:41:32.307679Z
472,4,25.1,4,1,1,2.86,2026-04-02T17:41:32.307679Z
472,5,25.9,1,4,2,2.72,2026-04-11T17:41:32.307679Z
472,6,31.4,3,2,1,2.81,2026-04-17T17:41:32.307679Z
472,7,10.6,0,3,0,2.63,2026-04-29T17:41:32.307679Z
472,8,29.1,2,0,2,2.55,2026-05-05T17:41:32.307679Z
473,1,39.4,1,2,2,2.87,2026-03-17T17:41:32.307679Z
473,2,41.5,2,4,1,2.93,2026-03-19T17:41:32.307679Z
473,3,43.7,5,4,1,2.7,2026-03-26T17:41:32.307679Z
473,4,36.8,5,0,2,2.74,2026-04-07T17:41:32.307679Z
473,5,40.8,4,3,2,2.64,2026-04-13T17:41:32.307679Z
473,6,42.4,7,2,2,2.57,2026-04-17T17:41:32.307679Z
473,7,18.3,3,4,1,2.64,2026-04-29T17:41:32.307679Z
473,8,11.2,1,4,3,2.6,2026-05-04T17:41:32.307679Z
474,1,21.1,6,3,0,2.58,2026-03-13T17:41:32.307679Z
474,2,20.7,6,2,1,2.41,2026-03-22T17:41:32.307679Z
474,3,14.7,3,2,1,2.39,2026-03-27T17:41:32.307679Z
474,4,14.2,1,3,2,2.29,2026-04-07T17:41:32.307679Z
474,5,15.4,3,0,2,2.4,2026-04-13T17:41:32.307679Z
474,6,22.2,3,1,2,2.25,2026-04-18T17:41:32.307679Z
474,7,24.7,2,3,0,2.27,2026-04-28T17:41:32.307679Z
474,8,11.3,1,2,2,2.18,2026-05-06T17:41:32.307679Z
475,1,59.5,3,3,0,2.72,2026-03-15T17:41:32.307679Z
475,2,61.9,4,1,1,2.71,2026-03-22T17:41:32.307679Z
475,3,46.2,3,3,1,2.66,2026-03-27T17:41:32.307679Z
475,4,46.7,2,0,1,2.54,2026-04-08T17:41:32.307679Z
475,5,40.2,3,2,1,2.49,2026-04-09T17:41:32.307679Z
475,6,56.9,1,0,2,2.6,2026-04-16T17:41:32.307679Z
475,7,50.2,1,4,2,2.53,2026-04-28T17:41:32.307679Z
475,8,41.2,2,0,2,2.48,2026-05-05T17:41:32.307679Z
476,1,26.5,7,1,2,3.24,2026-03-13T17:41:32.307679Z
476,2,18.4,4,2,3,3.21,2026-03-19T17:41:32.307679Z
476,3,11.5,2,1,0,3.0,2026-03-31T17:41:32.307679Z
476,4,15.4,3,0,1,3.03,2026-04-08T17:41:32.307679Z
476,5,1.0,5,3,3,2.99,2026-04-11T17:41:32.307679Z
476,6,18.1,6,1,2,2.92,2026-04-19T17:41:32.307679Z
476,7,1.0,5,5,0,2.86,2026-04-23T17:41:32.307679Z
476,8,23.0,4,2,1,2.88,2026-04-30T17:41:32.307679Z
477,1,47.9,5,4,2,3.26,2026-03-13T17:41:32.307679Z
477,2,52.8,7,3,3,3.13,2026-03-19T17:41:32.307679Z
477,3,54.2,1,0,1,3.17,2026-03-28T17:41:32.307679Z
477,4,42.7,6,1,0,3.06,2026-04-03T17:41:32.307679Z
477,5,31.0,1,1,1,3.11,2026-04-10T17:41:32.307679Z
477,6,41.0,4,2,0,3.04,2026-04-21T17:41:32.307679Z
477,7,24.8,4,3,1,2.93,2026-04-23T17:41:32.307679Z
477,8,16.0,5,3,1,2.97,2026-05-01T17:41:32.307679Z
478,1,32.2,7,1,2,3.92,2026-03-18T17:41:32.307679Z
478,2,24.9,2,0,1,3.94,2026-03-25T17:41:32.307679Z
478,3,21.9,3,4,3,3.77,2026-03-31T17:41:32.307679Z
478,4,27.3,5,2,3,3.76,2026-04-02T17:41:32.307679Z
478,5,23.8,4,3,3,3.71,2026-04-10T17:41:32.307679Z
478,6,16.5,2,2,2,3.62,2026-04-20T17:41:32.307679Z
478,7,7.9,3,4,2,3.7,2026-04-28T17:41:32.307679Z
478,8,1.0,1,4,3,3.47,2026-05-05T17:41:32.307679Z
479,1,45.3,4,5,3,3.73,2026-03-17T17:41:32.307679Z
479,2,36.0,3,3,2,3.72,2026-03-22T17:41:32.307679Z
479,3,41.0,7,3,1,3.56,2026-04-01T17:41:32.307679Z
479,4,34.9,2,3,2,3.58,2026-04-05T17:41:32.307679Z
479,5,32.8,6,2,2,3.57,2026-04-11T17:41:32.307679Z
479,6,21.0,3,0,1,3.54,2026-04-22T17:41:32.307679Z
479,7,17.0,0,0,3,3.4,2026-04-28T17:41:32.307679Z
479,8,32.3,0,2,2,3.25,2026-05-01T17:41:32.307679Z
480,1,43.2,3,2,0,3.84,2026-03-14T17:41:32.307679Z
480,2,40.4,5,1,2,3.91,2026-03-21T17:41:32.307679Z
480,3,35.0,6,2,3,3.83,2026-03-30T17:41:32.307679Z
480,4,35.2,1,1,1,3.75,2026-04-05T17:41:32.307679Z
480,5,33.2,0,2,2,3.65,2026-04-09T17:41:32.307679Z
480,6,41.0,0,5,1,3.67,2026-04-21T17:41:32.307679Z
480,7,7.1,3,2,1,3.54,2026-04-26T17:41:32.307679Z
480,8,34.3,5,4,1,3.5,2026-05-01T17:41:32.307679Z
481,1,38.4,6,2,1,2.53,2026-03-18T17:41:32.307679Z
481,2,35.7,7,3,1,2.46,2026-03-23T17:41:32.307679Z
481,3,27.4,7,5,2,2.53,2026-03-29T17:41:32.307679Z
481,4,39.3,3,1,1,2.46,2026-04-03T17:41:32.307679Z
481,5,33.5,3,1,2,2.25,2026-04-15T17:41:32.307679Z
481,6,29.2,2,4,0,2.33,2026-04-19T17:41:32.307679Z
481,7,37.3,2,2,0,2.22,2026-04-29T17:41:32.307679Z
481,8,41.1,3,3,2,2.2,2026-04-30T17:41:32.307679Z
482,1,39.5,5,2,1,3.81,2026-03-14T17:41:32.307679Z
482,2,41.2,5,2,2,3.67,2026-03-22T17:41:32.307679Z
482,3,39.1,8,4,2,3.71,2026-03-27T17:41:32.307679Z
482,4,29.3,7,4,3,3.66,2026-04-05T17:41:32.307679Z
482,5,24.7,7,1,1,3.66,2026-04-13T17:41:32.307679Z
482,6,22.0,2,0,1,3.62,2026-04-22T17:41:32.307679Z
482,7,18.4,4,2,2,3.42,2026-04-28T17:41:32.307679Z
482,8,33.8,3,0,1,3.34,2026-05-05T17:41:32.307679Z
483,1,54.4,5,4,1,2.71,2026-03-18T17:41:32.307679Z
483,2,51.3,6,1,2,2.69,2026-03-23T17:41:32.307679Z
483,3,44.5,4,3,1,2.56,2026-03-27T17:41:32.307679Z
483,4,47.6,4,4,1,2.55,2026-04-04T17:41:32.307679Z
483,5,35.5,3,1,1,2.5,2026-04-14T17:41:32.307679Z
483,6,34.3,2,3,0,2.53,2026-04-18T17:41:32.307679Z
483,7,31.3,2,3,0,2.52,2026-04-26T17:41:32.307679Z
483,8,31.3,0,4,2,2.34,2026-05-04T17:41:32.307679Z
484,1,38.7,5,1,0,3.31,2026-03-14T17:41:32.307679Z
484,2,32.5,1,3,1,3.37,2026-03-25T17:41:32.307679Z
484,3,33.8,6,2,0,3.28,2026-03-31T17:41:32.307679Z
484,4,21.9,7,5,1,3.3,2026-04-05T17:41:32.307679Z
484,5,16.6,5,4,0,3.09,2026-04-15T17:41:32.307679Z
484,6,18.1,2,3,1,3.16,2026-04-17T17:41:32.307679Z
484,7,18.7,5,2,1,3.17,2026-04-27T17:41:32.307679Z
484,8,10.0,1,2,0,3.08,2026-05-01T17:41:32.307679Z
485,1,32.1,6,4,1,2.85,2026-03-15T17:41:32.307679Z
485,2,28.9,6,2,2,2.75,2026-03-21T17:41:32.307679Z
485,3,17.0,1,1,3,2.57,2026-03-29T17:41:32.307679Z
485,4,27.6,3,2,2,2.54,2026-04-07T17:41:32.307679Z
485,5,30.0,3,4,1,2.66,2026-04-12T17:41:32.307679Z
485,6,27.4,2,3,2,2.49,2026-04-20T17:41:32.307679Z
485,7,3.2,5,1,3,2.37,2026-04-23T17:41:32.307679Z
485,8,9.3,4,0,2,2.36,2026-05-03T17:41:32.307679Z
486,1,38.2,2,2,4,2.67,2026-03-15T17:41:32.307679Z
486,2,33.1,4,2,0,2.72,2026-03-21T17:41:32.307679Z
486,3,25.2,2,4,2,2.56,2026-03-31T17:41:32.307679Z
486,4,35.3,4,4,3,2.46,2026-04-02T17:41:32.307679Z
486,5,29.8,6,1,3,2.52,2026-04-10T17:41:32.307679Z
486,6,14.0,1,4,0,2.37,2026-04-16T17:41:32.307679Z
486,7,8.4,3,0,0,2.31,2026-04-28T17:41:32.307679Z
486,8,28.9,2,1,0,2.26,2026-05-06T17:41:32.307679Z
487,1,54.5,6,3,2,3.23,2026-03-15T17:41:32.307679Z
487,2,55.5,1,2,2,3.23,2026-03-23T17:41:32.307679Z
487,3,59.1,5,5,1,3.18,2026-03-26T17:41:32.307679Z
487,4,44.5,2,2,5,2.99,2026-04-07T17:41:32.307679Z
487,5,49.2,4,1,0,2.94,2026-04-11T17:41:32.307679Z
487,6,56.6,0,4,2,2.89,2026-04-21T17:41:32.307679Z
487,7,23.1,1,3,0,2.89,2026-04-29T17:41:32.307679Z
487,8,40.3,1,5,2,2.92,2026-05-01T17:41:32.307679Z
488,1,37.0,9,5,3,3.16,2026-03-17T17:41:32.307679Z
488,2,24.8,7,1,1,2.97,2026-03-20T17:41:32.307679Z
488,3,27.6,3,3,0,2.93,2026-03-29T17:41:32.307679Z
488,4,31.9,4,3,2,2.87,2026-04-03T17:41:32.307679Z
488,5,22.0,3,1,2,2.87,2026-04-15T17:41:32.307679Z
488,6,19.2,3,0,0,2.77,2026-04-20T17:41:32.307679Z
488,7,11.9,0,1,1,2.75,2026-04-29T17:41:32.307679Z
488,8,10.7,4,3,1,2.69,2026-05-05T17:41:32.307679Z
489,1,30.9,4,2,2,2.97,2026-03-18T17:41:32.307679Z
489,2,24.8,4,7,1,2.97,2026-03-24T17:41:32.307679Z
489,3,20.9,7,4,2,2.89,2026-03-30T17:41:32.307679Z
489,4,26.7,6,3,1,2.8,2026-04-08T17:41:32.307679Z
489,5,25.3,4,3,2,2.74,2026-04-15T17:41:32.307679Z
489,6,19.5,0,4,2,2.68,2026-04-20T17:41:32.307679Z
489,7,10.5,6,3,0,2.61,2026-04-28T17:41:32.307679Z
489,8,1.0,3,3,3,2.68,2026-05-01T17:41:32.307679Z
490,1,24.7,2,1,4,2.57,2026-03-18T17:41:32.307679Z
490,2,27.1,7,2,0,2.56,2026-03-19T17:41:32.307679Z
490,3,15.9,2,2,2,2.42,2026-03-29T17:41:32.307679Z
490,4,22.8,3,1,1,2.41,2026-04-08T17:41:32.307679Z
490,5,1.0,0,1,3,2.28,2026-04-12T17:41:32.307679Z
490,6,22.9,6,2,1,2.35,2026-04-22T17:41:32.307679Z
490,7,23.7,4,2,2,2.19,2026-04-24T17:41:32.307679Z
490,8,15.6,3,3,1,2.27,2026-05-06T17:41:32.307679Z
491,1,41.6,2,2,1,2.89,2026-03-17T17:41:32.307679Z
491,2,40.4,3,3,3,2.96,2026-03-23T17:41:32.307679Z
491,3,26.0,1,5,1,2.93,2026-03-26T17:41:32.307679Z
491,4,38.5,2,5,0,2.83,2026-04-03T17:41:32.307679Z
491,5,17.8,5,5,0,2.81,2026-04-13T17:41:32.307679Z
491,6,15.3,4,5,0,2.62,2026-04-17T17:41:32.307679Z
491,7,15.8,2,1,0,2.61,2026-04-29T17:41:32.307679Z
491,8,27.5,3,0,2,2.5,2026-05-01T17:41:32.307679Z
492,1,36.9,3,3,2,2.61,2026-03-12T17:41:32.307679Z
492,2,38.2,6,3,2,2.63,2026-03-21T17:41:32.307679Z
492,3,32.4,2,3,1,2.57,2026-03-26T17:41:32.307679Z
492,4,38.7,1,3,2,2.57,2026-04-08T17:41:32.307679Z
492,5,33.6,6,4,0,2.49,2026-04-11T17:41:32.307679Z
492,6,30.8,5,1,2,2.33,2026-04-21T17:41:32.307679Z
492,7,30.0,0,4,4,2.43,2026-04-24T17:41:32.307679Z
492,8,14.5,0,2,2,2.24,2026-05-06T17:41:32.307679Z
493,1,52.0,6,1,1,3.35,2026-03-12T17:41:32.307679Z
493,2,37.9,5,5,1,3.33,2026-03-22T17:41:32.307679Z
493,3,42.3,6,2,0,3.39,2026-03-31T17:41:32.307679Z
493,4,48.9,1,4,1,3.37,2026-04-03T17:41:32.307679Z
493,5,38.0,0,2,3,3.21,2026-04-14T17:41:32.307679Z
493,6,23.4,0,3,1,3.1,2026-04-21T17:41:32.307679Z
493,7,21.2,1,0,2,3.09,2026-04-29T17:41:32.307679Z
493,8,15.5,3,5,0,3.0,2026-05-02T17:41:32.307679Z
494,1,49.5,4,1,1,3.43,2026-03-18T17:41:32.307679Z
494,2,50.4,4,2,0,3.47,2026-03-19T17:41:32.307679Z
494,3,45.8,5,2,1,3.36,2026-03-28T17:41:32.307679Z
494,4,46.0,2,2,0,3.36,2026-04-07T17:41:32.307679Z
494,5,32.8,5,4,0,3.16,2026-04-14T17:41:32.307679Z
494,6,29.9,3,2,1,3.29,2026-04-17T17:41:32.307679Z
494,7,42.5,2,1,2,3.09,2026-04-28T17:41:32.307679Z
494,8,46.8,0,3,2,3.03,2026-05-02T17:41:32.307679Z
495,1,52.3,8,2,3,3.26,2026-03-12T17:41:32.307679Z
495,2,57.7,5,2,3,3.21,2026-03-19T17:41:32.307679Z
495,3,44.9,6,0,2,3.13,2026-03-28T17:41:32.307679Z
495,4,59.0,0,2,3,3.2,2026-04-08T17:41:32.307679Z
495,5,32.5,3,0,2,3.15,2026-04-10T17:41:32.307679Z
495,6,37.0,0,1,0,3.06,2026-04-22T17:41:32.307679Z
495,7,41.7,4,2,2,2.95,2026-04-25T17:41:32.307679Z
495,8,41.9,7,4,1,2.99,2026-05-02T17:41:32.307679Z
496,1,45.6,7,0,4,2.73,2026-03-16T17:41:32.307679Z
496,2,33.7,3,6,1,2.64,2026-03-23T17:41:32.307679Z
496,3,44.1,5,3,1,2.64,2026-03-26T17:41:32.307679Z
496,4,28.3,4,3,1,2.6,2026-04-05T17:41:32.307679Z
496,5,30.0,3,1,2,2.54,2026-04-15T17:41:32.307679Z
496,6,24.8,2,4,0,2.54,2026-04-17T17:41:32.307679Z
496,7,37.0,0,0,0,2.44,2026-04-26T17:41:32.307679Z
496,8,40.2,1,2,1,2.27,2026-05-01T17:41:32.307679Z
497,1,29.4,4,1,4,3.95,2026-03-15T17:41:32.307679Z
497,2,28.7,5,4,2,3.83,2026-03-24T17:41:32.307679Z
497,3,27.1,2,4,2,3.86,2026-03-31T17:41:32.307679Z
497,4,8.5,10,1,2,3.81,2026-04-06T17:41:32.307679Z
497,5,19.8,3,0,3,3.69,2026-04-15T17:41:32.307679Z
497,6,5.1,9,4,1,3.71,2026-04-19T17:41:32.307679Z
497,7,3.8,0,1,0,3.65,2026-04-29T17:41:32.307679Z
497,8,1.0,4,3,3,3.62,2026-05-06T17:41:32.307679Z
498,1,48.4,4,4,2,3.34,2026-03-17T17:41:32.307679Z
498,2,45.8,7,1,2,3.33,2026-03-21T17:41:32.307679Z
498,3,47.3,3,5,2,3.24,2026-03-29T17:41:32.307679Z
498,4,38.4,2,2,3,3.21,2026-04-06T17:41:32.307679Z
498,5,50.8,3,4,0,3.22,2026-04-10T17:41:32.307679Z
498,6,41.7,6,3,1,3.09,2026-04-17T17:41:32.307679Z
498,7,38.9,3,4,2,3.15,2026-04-25T17:41:32.307679Z
498,8,38.3,1,1,2,2.95,2026-05-04T17:41:32.307679Z
499,1,56.0,5,1,2,3.58,2026-03-12T17:41:32.307679Z
499,2,52.3,1,2,1,3.57,2026-03-22T17:41:32.307679Z
499,3,48.3,4,2,2,3.64,2026-03-26T17:41:32.307679Z
499,4,42.0,1,3,1,3.53,2026-04-08T17:41:32.307679Z
499,5,50.9,4,4,2,3.36,2026-04-13T17:41:32.307679Z
499,6,30.1,9,4,4,3.39,2026-04-19T17:41:32.307679Z
499,7,54.3,4,2,1,3.39,2026-04-24T17:41:32.307679Z
499,8,49.5,1,3,3,3.34,2026-05-05T17:41:32.307679Z
500,1,49.4,5,3,2,2.63,2026-03-12T17:41:32.307679Z
500,2,43.9,4,3,1,2.45,2026-03-24T17:41:32.307679Z
500,3,45.2,4,4,0,2.4,2026-03-28T17:41:32.307679Z
500,4,40.9,6,2,1,2.42,2026-04-05T17:41:32.307679Z
500,5,46.4,3,0,2,2.3,2026-04-12T17:41:32.307679Z
500,6,30.3,0,7,2,2.36,2026-04-18T17:41:32.307679Z
500,7,37.3,2,5,1,2.28,2026-04-28T17:41:32.307679Z
500,8,23.1,2,2,1,2.19,2026-05-02T17:41:32.307679Z
